Workbook

Sheet Assumptions
A1: Model Assumptions
A2: Home field advantage (pts) | B2: 2.5 | C2: Added to home team rating; 0 at neutral sites. Source: user spec.
A3: Spread standard deviation | B3: 16 | C3: Sigma in NORMDIST. Source: Adjust cell B1, Wk_01_Sch, 2025_NCAA.xlsx.
A4: Default FCS rating | B4: -32.9 | C4: ASSUMPTION: FCS opponents are not in SP+. Defaulted to the worst FBS rating (UMass). Override any team on Ratings tab.
A5: SP+ ratings | C5: 2026 preseason SP+, as supplied in NCAA_2026.xlsx.
A6: Schedule source | C6: Weeks 0-13 as supplied. Weeks 0-13 as supplied, PLUS Army vs Navy (Dec 12 2026, MetLife Stadium, neutral site) added by Claude. Source: westpoint.edu, metlifestadium.com, CBS Sports.
A8: FCS CONFERENCE BASELINES (SP+ scale) | C8: ASSUMPTION: FCS teams have no SP+ rating. Calibrated against the two FCS->FBS transition programs in SP+: NDSU -1.8 and Sac State -23.4.
A9: MVFC | B9: -19
A10: Big Sky | B10: -23
A11: CAA | B11: -26
A12: SoCon | B12: -30
A13: UAC | B13: -33
A14: Southland | B14: -34
A15: BigSouth-OVC | B15: -34
A16: SWAC | B16: -37
A17: Patriot | B17: -39
A18: MEAC | B18: -39
A19: NEC | B19: -44
A21: PROGRAM TIER ADJUSTMENT (pts)
A22: Elite | B22: 8
A23: Strong | B23: 4
A24: Average | B24: 0
A25: Weak | B25: -5
A26: Transition | B26: -12
A28: LEGEND
A29: Blue text on yellow = input you can change
A30: Black text = calculated, do not overwrite
A31: FCS rating = conference baseline + program tier adjustment. Edit either table above,
A32: or type a number straight over any rating on the Ratings tab to override one team.

Sheet Win_Probabilities
A1: Rank | B1: Team | C1: Rating | D1: Gms | E1: Exp Wins | F1: P(0) | G1: P(1) | H1: P(2) | I1: P(3) | J1: P(4) | K1: P(5) | L1: P(6) | M1: P(7) | N1: P(8) | O1: P(9) | P1: P(10) | Q1: P(11) | R1: P(12) | S1: P(13) | T1: Most Likely | U1: P(6+) Bowl | V1: P(10+) | W1: Sum Check
A2: =RANK(E2,$E$2:$E$139) -> 3 | B2: Ohio St. | C2: =Schedule!$B$2 -> 32.7 | D2: 12 | E2: =Schedule!$BQ$2 -> 10.205967 | F2: =Convolution!O4 -> 1.4059449e-17 | G2: =Convolution!O5 -> 2.6127181e-13 | H2: =Convolution!O6 -> 1.1055997e-09 | I2: =Convolution!O7 -> 1.1994279e-07 | J2: =Convolution!O8 -> 5.227822e-06 | K2: =Convolution!O9 -> 0.00011850071 | L2: =Convolution!O10 -> 0.0015479489 | M2: =Convolution!O11 -> 0.012248321 | N2: =Convolution!O12 -> 0.059857848 | O2: =Convolution!O13 -> 0.1796222 | P2: =Convolution!O14 -> 0.31915999 | Q2: =Convolution!O15 -> 0.3060136 | R2: =Convolution!O16 -> 0.12142624 | S2: =Convolution!O17 -> 0 | T2: =INDEX($F$1:$S$1,MATCH(MAX(F2:S2),F2:S2,0)) -> P(10) | U2: =SUM(L2:S2) -> 0.99987615 | V2: =SUM(P2:S2) -> 0.74659984 | W2: =ROUND(SUM(F2:S2),6) -> 1
A3: =RANK(E3,$E$2:$E$139) -> 4 | B3: Oregon | C3: =Schedule!$B$3 -> 29.2 | D3: 12 | E3: =Schedule!$BQ$3 -> 10.175094 | F3: =Convolution!O20 -> 1.6456411e-14 | G3: =Convolution!O21 -> 5.4133622e-11 | H3: =Convolution!O22 -> 5.9119966e-09 | I3: =Convolution!O23 -> 2.8364805e-07 | J3: =Convolution!O24 -> 7.7755704e-06 | K3: =Convolution!O25 -> 0.00013427488 | L3: =Convolution!O26 -> 0.0015229126 | M3: =Convolution!O27 -> 0.011485801 | N3: =Convolution!O28 -> 0.057042737 | O3: =Convolution!O29 -> 0.18019772 | P3: =Convolution!O30 -> 0.33622829 | Q3: =Convolution!O31 -> 0.31611413 | R3: =Convolution!O32 -> 0.097266069 | S3: =Convolution!O33 -> 0 | T3: =INDEX($F$1:$S$1,MATCH(MAX(F3:S3),F3:S3,0)) -> P(10) | U3: =SUM(L3:S3) -> 0.99985766 | V3: =SUM(P3:S3) -> 0.74960849 | W3: =ROUND(SUM(F3:S3),6) -> 1
A4: =RANK(E4,$E$2:$E$139) -> 1 | B4: Notre Dame | C4: =Schedule!$B$4 -> 26.5 | D4: 12 | E4: =Schedule!$BQ$4 -> 10.800983 | F4: =Convolution!O36 -> 1.3297554e-15 | G4: =Convolution!O37 -> 7.1494442e-13 | H4: =Convolution!O38 -> 1.0555058e-10 | I4: =Convolution!O39 -> 7.6591734e-09 | J4: =Convolution!O40 -> 3.2741868e-07 | K4: =Convolution!O41 -> 8.9330565e-06 | L4: =Convolution!O42 -> 0.00016132702 | M4: =Convolution!O43 -> 0.0019485353 | N4: =Convolution!O44 -> 0.015572268 | O4: =Convolution!O45 -> 0.079651189 | P4: =Convolution!O46 -> 0.24440246 | Q4: =Convolution!O47 -> 0.39819323 | R4: =Convolution!O48 -> 0.26006172 | S4: =Convolution!O49 -> 0 | T4: =INDEX($F$1:$S$1,MATCH(MAX(F4:S4),F4:S4,0)) -> P(11) | U4: =SUM(L4:S4) -> 0.99999073 | V4: =SUM(P4:S4) -> 0.90265741 | W4: =ROUND(SUM(F4:S4),6) -> 1
A5: =RANK(E5,$E$2:$E$139) -> 7 | B5: Georgia | C5: =Schedule!$B$5 -> 26.4 | D5: 12 | E5: =Schedule!$BQ$5 -> 9.9177097 | F5: =Convolution!O52 -> 2.6126586e-14 | G5: =Convolution!O53 -> 6.2180656e-10 | H5: =Convolution!O54 -> 8.2757282e-08 | I5: =Convolution!O55 -> 3.2593984e-06 | J5: =Convolution!O56 -> 6.4130211e-05 | K5: =Convolution!O57 -> 0.00075030107 | L5: =Convolution!O58 -> 0.0056465059 | M5: =Convolution!O59 -> 0.028343097 | N5: =Convolution!O60 -> 0.095852831 | O5: =Convolution!O61 -> 0.2155307 | P5: =Convolution!O62 -> 0.30847667 | Q5: =Convolution!O63 -> 0.25394369 | R5: =Convolution!O64 -> 0.091388724 | S5: =Convolution!O65 -> 0 | T5: =INDEX($F$1:$S$1,MATCH(MAX(F5:S5),F5:S5,0)) -> P(10) | U5: =SUM(L5:S5) -> 0.99918223 | V5: =SUM(P5:S5) -> 0.65380909 | W5: =ROUND(SUM(F5:S5),6) -> 1
A6: =RANK(E6,$E$2:$E$139) -> 5 | B6: Indiana | C6: =Schedule!$B$6 -> 25.8 | D6: 12 | E6: =Schedule!$BQ$6 -> 9.9767659 | F6: =Convolution!O68 -> 6.0183259e-17 | G6: =Convolution!O69 -> 4.6545479e-12 | H6: =Convolution!O70 -> 1.4471076e-09 | I6: =Convolution!O71 -> 1.511179e-07 | J6: =Convolution!O72 -> 7.0144064e-06 | K6: =Convolution!O73 -> 0.00016647426 | L6: =Convolution!O74 -> 0.0022148291 | M6: =Convolution!O75 -> 0.017284864 | N6: =Convolution!O76 -> 0.080222285 | O6: =Convolution!O77 -> 0.21942498 | P6: =Convolution!O78 -> 0.33906346 | Q6: =Convolution!O79 -> 0.26500705 | R6: =Convolution!O80 -> 0.076608892 | S6: =Convolution!O81 -> 0 | T6: =INDEX($F$1:$S$1,MATCH(MAX(F6:S6),F6:S6,0)) -> P(10) | U6: =SUM(L6:S6) -> 0.99982636 | V6: =SUM(P6:S6) -> 0.6806794 | W6: =ROUND(SUM(F6:S6),6) -> 1
A7: =RANK(E7,$E$2:$E$139) -> 18 | B7: Texas | C7: =Schedule!$B$7 -> 22.8 | D7: 12 | E7: =Schedule!$BQ$7 -> 8.2406365 | F7: =Convolution!O84 -> 2.0501319e-08 | G7: =Convolution!O85 -> 1.4457163e-06 | H7: =Convolution!O86 -> 4.046756e-05 | I7: =Convolution!O87 -> 0.0005879318 | J7: =Convolution!O88 -> 0.0049405675 | K7: =Convolution!O89 -> 0.025504794 | L7: =Convolution!O90 -> 0.084341563 | M7: =Convolution!O91 -> 0.18307932 | N7: =Convolution!O92 -> 0.26247453 | O7: =Convolution!O93 -> 0.24480995 | P7: =Convolution!O94 -> 0.14190135 | Q7: =Convolution!O95 -> 0.04601657 | R7: =Convolution!O96 -> 0.0063014866 | S7: =Convolution!O97 -> 0 | T7: =INDEX($F$1:$S$1,MATCH(MAX(F7:S7),F7:S7,0)) -> P(8) | U7: =SUM(L7:S7) -> 0.96892477 | V7: =SUM(P7:S7) -> 0.19421941 | W7: =ROUND(SUM(F7:S7),6) -> 1
A8: =RANK(E8,$E$2:$E$139) -> 6 | B8: Miami | C8: =Schedule!$B$8 -> 22 | D8: 12 | E8: =Schedule!$BQ$8 -> 9.9583102 | F8: =Convolution!O100 -> 3.7063826e-15 | G8: =Convolution!O101 -> 6.1982089e-11 | H8: =Convolution!O102 -> 1.3388775e-08 | I8: =Convolution!O103 -> 7.5307337e-07 | J8: =Convolution!O104 -> 2.0242066e-05 | K8: =Convolution!O105 -> 0.00031494091 | L8: =Convolution!O106 -> 0.0030829313 | M8: =Convolution!O107 -> 0.019656513 | N8: =Convolution!O108 -> 0.081854401 | O8: =Convolution!O109 -> 0.21648552 | P8: =Convolution!O110 -> 0.33871396 | Q8: =Convolution!O111 -> 0.26823414 | R8: =Convolution!O112 -> 0.071636591 | S8: =Convolution!O113 -> 0 | T8: =INDEX($F$1:$S$1,MATCH(MAX(F8:S8),F8:S8,0)) -> P(10) | U8: =SUM(L8:S8) -> 0.99966405 | V8: =SUM(P8:S8) -> 0.67858469 | W8: =ROUND(SUM(F8:S8),6) -> 1
A9: =RANK(E9,$E$2:$E$139) -> 2 | B9: Texas Tech | C9: =Schedule!$B$9 -> 21.8 | D9: 12 | E9: =Schedule!$BQ$9 -> 10.610496 | F9: =Convolution!O116 -> 4.1616043e-16 | G9: =Convolution!O117 -> 1.4930203e-12 | H9: =Convolution!O118 -> 1.2668126e-09 | I9: =Convolution!O119 -> 9.2865174e-08 | J9: =Convolution!O120 -> 3.0499312e-06 | K9: =Convolution!O121 -> 5.7776053e-05 | L9: =Convolution!O122 -> 0.0006980382 | M9: =Convolution!O123 -> 0.0056301297 | N9: =Convolution!O124 -> 0.030771155 | O9: =Convolution!O125 -> 0.11276836 | P9: =Convolution!O126 -> 0.26569 | Q9: =Convolution!O127 -> 0.36396611 | R9: =Convolution!O128 -> 0.2204153 | S9: =Convolution!O129 -> 0 | T9: =INDEX($F$1:$S$1,MATCH(MAX(F9:S9),F9:S9,0)) -> P(11) | U9: =SUM(L9:S9) -> 0.99993908 | V9: =SUM(P9:S9) -> 0.8500714 | W9: =ROUND(SUM(F9:S9),6) -> 1
A10: =RANK(E10,$E$2:$E$139) -> 15 | B10: Texas A&M | C10: =Schedule!$B$10 -> 20.9 | D10: 12 | E10: =Schedule!$BQ$10 -> 8.4507633 | F10: =Convolution!O132 -> 1.2285681e-11 | G10: =Convolution!O133 -> 3.2511856e-08 | H10: =Convolution!O134 -> 8.2726829e-06 | I10: =Convolution!O135 -> 0.00022634997 | J10: =Convolution!O136 -> 0.0026719145 | K10: =Convolution!O137 -> 0.017197167 | L10: =Convolution!O138 -> 0.066390744 | M10: =Convolution!O139 -> 0.16197632 | N10: =Convolution!O140 -> 0.25579275 | O10: =Convolution!O141 -> 0.26085947 | P10: =Convolution!O142 -> 0.1658224 | Q10: =Convolution!O143 -> 0.059740654 | R10: =Convolution!O144 -> 0.0093139206 | S10: =Convolution!O145 -> 0 | T10: =INDEX($F$1:$S$1,MATCH(MAX(F10:S10),F10:S10,0)) -> P(9) | U10: =SUM(L10:S10) -> 0.97989626 | V10: =SUM(P10:S10) -> 0.23487698 | W10: =ROUND(SUM(F10:S10),6) -> 1
A11: =RANK(E11,$E$2:$E$139) -> 13 | B11: LSU | C11: =Schedule!$B$11 -> 20.4 | D11: 12 | E11: =Schedule!$BQ$11 -> 8.5305373 | F11: =Convolution!O148 -> 4.5389173e-11 | G11: =Convolution!O149 -> 2.4433805e-07 | H11: =Convolution!O150 -> 1.6384515e-05 | I11: =Convolution!O151 -> 0.00031935872 | J11: =Convolution!O152 -> 0.0030704536 | K11: =Convolution!O153 -> 0.017395004 | L11: =Convolution!O154 -> 0.062968322 | M11: =Convolution!O155 -> 0.15129862 | N11: =Convolution!O156 -> 0.24410136 | O11: =Convolution!O157 -> 0.26130506 | P11: =Convolution!O158 -> 0.17789397 | Q11: =Convolution!O159 -> 0.06968171 | R11: =Convolution!O160 -> 0.011949512 | S11: =Convolution!O161 -> 0 | T11: =INDEX($F$1:$S$1,MATCH(MAX(F11:S11),F11:S11,0)) -> P(9) | U11: =SUM(L11:S11) -> 0.97919856 | V11: =SUM(P11:S11) -> 0.25952519 | W11: =ROUND(SUM(F11:S11),6) -> 1
A12: =RANK(E12,$E$2:$E$139) -> 42 | B12: Oklahoma | C12: =Schedule!$B$12 -> 18.8 | D12: 12 | E12: =Schedule!$BQ$12 -> 7.5417647 | F12: =Convolution!O164 -> 5.3605852e-08 | G12: =Convolution!O165 -> 1.1037162e-05 | H12: =Convolution!O166 -> 0.00028168061 | I12: =Convolution!O167 -> 0.003057759 | J12: =Convolution!O168 -> 0.018167477 | K12: =Convolution!O169 -> 0.06594615 | L12: =Convolution!O170 -> 0.15474901 | M12: =Convolution!O171 -> 0.24124997 | N12: =Convolution!O172 -> 0.25125537 | O12: =Convolution!O173 -> 0.17193418 | P12: =Convolution!O174 -> 0.073722452 | Q12: =Convolution!O175 -> 0.017800903 | R12: =Convolution!O176 -> 0.0018239549 | S12: =Convolution!O177 -> 0 | T12: =INDEX($F$1:$S$1,MATCH(MAX(F12:S12),F12:S12,0)) -> P(8) | U12: =SUM(L12:S12) -> 0.91253584 | V12: =SUM(P12:S12) -> 0.09334731 | W12: =ROUND(SUM(F12:S12),6) -> 1
A13: =RANK(E13,$E$2:$E$139) -> 31 | B13: USC | C13: =Schedule!$B$13 -> 17.7 | D13: 12 | E13: =Schedule!$BQ$13 -> 7.8136586 | F13: =Convolution!O180 -> 6.2168745e-09 | G13: =Convolution!O181 -> 8.9142423e-07 | H13: =Convolution!O182 -> 3.9762349e-05 | I13: =Convolution!O183 -> 0.00073137502 | J13: =Convolution!O184 -> 0.0068642851 | K13: =Convolution!O185 -> 0.036848259 | L13: =Convolution!O186 -> 0.11944892 | M13: =Convolution!O187 -> 0.23790613 | N13: =Convolution!O188 -> 0.28857917 | O13: =Convolution!O189 -> 0.20707287 | P13: =Convolution!O190 -> 0.083671316 | Q13: =Convolution!O191 -> 0.017397344 | R13: =Convolution!O192 -> 0.0014396731 | S13: =Convolution!O193 -> 0 | T13: =INDEX($F$1:$S$1,MATCH(MAX(F13:S13),F13:S13,0)) -> P(8) | U13: =SUM(L13:S13) -> 0.95551542 | V13: =SUM(P13:S13) -> 0.10250833 | W13: =ROUND(SUM(F13:S13),6) -> 1
A14: =RANK(E14,$E$2:$E$139) -> 32 | B14: Alabama | C14: =Schedule!$B$14 -> 17.6 | D14: 12 | E14: =Schedule!$BQ$14 -> 7.8006462 | F14: =Convolution!O196 -> 1.1361072e-08 | G14: =Convolution!O197 -> 6.0555584e-06 | H14: =Convolution!O198 -> 0.00017037385 | I14: =Convolution!O199 -> 0.0019605654 | J14: =Convolution!O200 -> 0.012453846 | K14: =Convolution!O201 -> 0.049170819 | L14: =Convolution!O202 -> 0.12749528 | M14: =Convolution!O203 -> 0.22206135 | N14: =Convolution!O204 -> 0.25991623 | O14: =Convolution!O205 -> 0.20032546 | P14: =Convolution!O206 -> 0.096858475 | Q14: =Convolution!O207 -> 0.02647513 | R14: =Convolution!O208 -> 0.0031064137 | S14: =Convolution!O209 -> 0 | T14: =INDEX($F$1:$S$1,MATCH(MAX(F14:S14),F14:S14,0)) -> P(8) | U14: =SUM(L14:S14) -> 0.93623833 | V14: =SUM(P14:S14) -> 0.12644002 | W14: =ROUND(SUM(F14:S14),6) -> 1
A15: =RANK(E15,$E$2:$E$139) -> 28 | B15: Tennessee | C15: =Schedule!$B$15 -> 17.3 | D15: 12 | E15: =Schedule!$BQ$15 -> 7.9172438 | F15: =Convolution!O212 -> 2.7555422e-09 | G15: =Convolution!O213 -> 1.4903359e-06 | H15: =Convolution!O214 -> 8.9167786e-05 | I15: =Convolution!O215 -> 0.0013463735 | J15: =Convolution!O216 -> 0.0098545871 | K15: =Convolution!O217 -> 0.042417023 | L15: =Convolution!O218 -> 0.11674097 | M15: =Convolution!O219 -> 0.21329781 | N15: =Convolution!O220 -> 0.26124974 | O15: =Convolution!O221 -> 0.21144984 | P15: =Convolution!O222 -> 0.10810196 | Q15: =Convolution!O223 -> 0.031487549 | R15: =Convolution!O224 -> 0.0039634817 | S15: =Convolution!O225 -> 0 | T15: =INDEX($F$1:$S$1,MATCH(MAX(F15:S15),F15:S15,0)) -> P(8) | U15: =SUM(L15:S15) -> 0.94629136 | V15: =SUM(P15:S15) -> 0.14355299 | W15: =ROUND(SUM(F15:S15),6) -> 1
A16: =RANK(E16,$E$2:$E$139) -> 44 | B16: Michigan | C16: =Schedule!$B$16 -> 17 | D16: 12 | E16: =Schedule!$BQ$16 -> 7.4486927 | F16: =Convolution!O228 -> 2.8003627e-08 | G16: =Convolution!O229 -> 4.6976779e-06 | H16: =Convolution!O230 -> 0.00015351515 | I16: =Convolution!O231 -> 0.0020779361 | J16: =Convolution!O232 -> 0.014875434 | K16: =Convolution!O233 -> 0.062617352 | L16: =Convolution!O234 -> 0.16268263 | M16: =Convolution!O235 -> 0.26497923 | N16: =Convolution!O236 -> 0.26781325 | O16: =Convolution!O237 -> 0.16161324 | P16: =Convolution!O238 -> 0.053946585 | Q16: =Convolution!O239 -> 0.0087159566 | R16: =Convolution!O240 -> 0.00052014285 | S16: =Convolution!O241 -> 0 | T16: =INDEX($F$1:$S$1,MATCH(MAX(F16:S16),F16:S16,0)) -> P(8) | U16: =SUM(L16:S16) -> 0.92027104 | V16: =SUM(P16:S16) -> 0.063182685 | W16: =ROUND(SUM(F16:S16),6) -> 1
A17: =RANK(E17,$E$2:$E$139) -> 51 | B17: Ole Miss | C17: =Schedule!$B$17 -> 16.5 | D17: 12 | E17: =Schedule!$BQ$17 -> 7.2433672 | F17: =Convolution!O244 -> 1.1718619e-09 | G17: =Convolution!O245 -> 1.4140253e-06 | H17: =Convolution!O246 -> 0.0003210792 | I17: =Convolution!O247 -> 0.0044542322 | J17: =Convolution!O248 -> 0.026641192 | K17: =Convolution!O249 -> 0.089615591 | L17: =Convolution!O250 -> 0.18797281 | M17: =Convolution!O251 -> 0.25728524 | N17: =Convolution!O252 -> 0.23297179 | O17: =Convolution!O253 -> 0.13791814 | P17: =Convolution!O254 -> 0.051124729 | Q17: =Convolution!O255 -> 0.010725548 | R17: =Convolution!O256 -> 0.00096823566 | S17: =Convolution!O257 -> 0 | T17: =INDEX($F$1:$S$1,MATCH(MAX(F17:S17),F17:S17,0)) -> P(7) | U17: =SUM(L17:S17) -> 0.87896649 | V17: =SUM(P17:S17) -> 0.062818512 | W17: =ROUND(SUM(F17:S17),6) -> 1
A18: =RANK(E18,$E$2:$E$139) -> 8 | B18: Penn St. | C18: =Schedule!$B$18 -> 16.2 | D18: 12 | E18: =Schedule!$BQ$18 -> 9.0020535 | F18: =Convolution!O260 -> 6.9177251e-10 | G18: =Convolution!O261 -> 7.0698447e-08 | H18: =Convolution!O262 -> 2.826765e-06 | I18: =Convolution!O263 -> 5.93563e-05 | J18: =Convolution!O264 -> 0.00073739806 | K18: =Convolution!O265 -> 0.0057571673 | L18: =Convolution!O266 -> 0.02914279 | M18: =Convolution!O267 -> 0.0967472 | N18: =Convolution!O268 -> 0.20944249 | O18: =Convolution!O269 -> 0.28850536 | P18: =Convolution!O270 -> 0.24019231 | Q18: =Convolution!O271 -> 0.10892046 | R18: =Convolution!O272 -> 0.020492569 | S18: =Convolution!O273 -> 0 | T18: =INDEX($F$1:$S$1,MATCH(MAX(F18:S18),F18:S18,0)) -> P(9) | U18: =SUM(L18:S18) -> 0.99344318 | V18: =SUM(P18:S18) -> 0.36960533 | W18: =ROUND(SUM(F18:S18),6) -> 1
A19: =RANK(E19,$E$2:$E$139) -> 30 | B19: Washington | C19: =Schedule!$B$19 -> 15.8 | D19: 12 | E19: =Schedule!$BQ$19 -> 7.8392732 | F19: =Convolution!O276 -> 9.1994287e-09 | G19: =Convolution!O277 -> 1.359011e-06 | H19: =Convolution!O278 -> 5.1613677e-05 | I19: =Convolution!O279 -> 0.00085986676 | J19: =Convolution!O280 -> 0.0075322548 | K19: =Convolution!O281 -> 0.038267525 | L19: =Convolution!O282 -> 0.11884776 | M19: =Convolution!O283 -> 0.231013 | N19: =Convolution!O284 -> 0.28138286 | O19: =Convolution!O285 -> 0.20987249 | P19: =Convolution!O286 -> 0.090512935 | Q19: =Convolution!O287 -> 0.019999743 | R19: =Convolution!O288 -> 0.001658587 | S19: =Convolution!O289 -> 0 | T19: =INDEX($F$1:$S$1,MATCH(MAX(F19:S19),F19:S19,0)) -> P(8) | U19: =SUM(L19:S19) -> 0.95328737 | V19: =SUM(P19:S19) -> 0.11217127 | W19: =ROUND(SUM(F19:S19),6) -> 1
A20: =RANK(E20,$E$2:$E$139) -> 49 | B20: Missouri | C20: =Schedule!$B$20 -> 15.4 | D20: 12 | E20: =Schedule!$BQ$20 -> 7.2890999 | F20: =Convolution!O292 -> 1.0573037e-09 | G20: =Convolution!O293 -> 1.1697965e-05 | H20: =Convolution!O294 -> 0.00038709899 | I20: =Convolution!O295 -> 0.0043343045 | J20: =Convolution!O296 -> 0.0248056 | K20: =Convolution!O297 -> 0.084270365 | L20: =Convolution!O298 -> 0.18188662 | M20: =Convolution!O299 -> 0.25696686 | N20: =Convolution!O300 -> 0.23889281 | O20: =Convolution!O301 -> 0.14358737 | P20: =Convolution!O302 -> 0.053118606 | Q20: =Convolution!O303 -> 0.010829765 | R20: =Convolution!O304 -> 0.00090889862 | S20: =Convolution!O305 -> 0 | T20: =INDEX($F$1:$S$1,MATCH(MAX(F20:S20),F20:S20,0)) -> P(7) | U20: =SUM(L20:S20) -> 0.88619093 | V20: =SUM(P20:S20) -> 0.064857269 | W20: =ROUND(SUM(F20:S20),6) -> 1
A21: =RANK(E21,$E$2:$E$139) -> 59 | B21: Florida | C21: =Schedule!$B$21 -> 15.2 | D21: 12 | E21: =Schedule!$BQ$21 -> 6.9833691 | F21: =Convolution!O308 -> 1.2186021e-07 | G21: =Convolution!O309 -> 4.1631613e-05 | H21: =Convolution!O310 -> 0.0010153443 | I21: =Convolution!O311 -> 0.0088730125 | J21: =Convolution!O312 -> 0.040844383 | K21: =Convolution!O313 -> 0.11452648 | L21: =Convolution!O314 -> 0.20906324 | M21: =Convolution!O315 -> 0.25562386 | N21: =Convolution!O316 -> 0.21002437 | O21: =Convolution!O317 -> 0.1136304 | P21: =Convolution!O318 -> 0.038464251 | Q21: =Convolution!O319 -> 0.0073045939 | R21: =Convolution!O320 -> 0.00058830543 | S21: =Convolution!O321 -> 0 | T21: =INDEX($F$1:$S$1,MATCH(MAX(F21:S21),F21:S21,0)) -> P(7) | U21: =SUM(L21:S21) -> 0.83469903 | V21: =SUM(P21:S21) -> 0.04635715 | W21: =ROUND(SUM(F21:S21),6) -> 1
A22: =RANK(E22,$E$2:$E$139) -> 12 | B22: BYU | C22: =Schedule!$B$22 -> 14.9 | D22: 12 | E22: =Schedule!$BQ$22 -> 8.7767052 | F22: =Convolution!O324 -> 1.6937256e-10 | G22: =Convolution!O325 -> 2.1464399e-07 | H22: =Convolution!O326 -> 9.1147554e-06 | I22: =Convolution!O327 -> 0.00016374775 | J22: =Convolution!O328 -> 0.0016498965 | K22: =Convolution!O329 -> 0.010415829 | L22: =Convolution!O330 -> 0.043368518 | M22: =Convolution!O331 -> 0.12150775 | N22: =Convolution!O332 -> 0.22843332 | O22: =Convolution!O333 -> 0.28070238 | P22: =Convolution!O334 -> 0.21238568 | Q22: =Convolution!O335 -> 0.087255915 | R22: =Convolution!O336 -> 0.014107623 | S22: =Convolution!O337 -> 0 | T22: =INDEX($F$1:$S$1,MATCH(MAX(F22:S22),F22:S22,0)) -> P(9) | U22: =SUM(L22:S22) -> 0.9877612 | V22: =SUM(P22:S22) -> 0.31374922 | W22: =ROUND(SUM(F22:S22),6) -> 1
A23: =RANK(E23,$E$2:$E$139) -> 24 | B23: Iowa | C23: =Schedule!$B$23 -> 14.6 | D23: 12 | E23: =Schedule!$BQ$23 -> 8.0031218 | F23: =Convolution!O340 -> 5.8823277e-09 | G23: =Convolution!O341 -> 7.7487366e-07 | H23: =Convolution!O342 -> 3.3972574e-05 | I23: =Convolution!O343 -> 0.00061121344 | J23: =Convolution!O344 -> 0.0056889081 | K23: =Convolution!O345 -> 0.030686544 | L23: =Convolution!O346 -> 0.10168936 | M23: =Convolution!O347 -> 0.21262624 | N23: =Convolution!O348 -> 0.28107286 | O23: =Convolution!O349 -> 0.22943688 | P23: =Convolution!O350 -> 0.10909504 | Q23: =Convolution!O351 -> 0.026652345 | R23: =Convolution!O352 -> 0.002405853 | S23: =Convolution!O353 -> 0 | T23: =INDEX($F$1:$S$1,MATCH(MAX(F23:S23),F23:S23,0)) -> P(8) | U23: =SUM(L23:S23) -> 0.96297858 | V23: =SUM(P23:S23) -> 0.13815324 | W23: =ROUND(SUM(F23:S23),6) -> 1
A24: =RANK(E24,$E$2:$E$139) -> 26 | B24: Clemson | C24: =Schedule!$B$24 -> 13.1 | D24: 12 | E24: =Schedule!$BQ$24 -> 7.9361046 | F24: =Convolution!O356 -> 2.3755891e-09 | G24: =Convolution!O357 -> 2.543424e-06 | H24: =Convolution!O358 -> 9.4853534e-05 | I24: =Convolution!O359 -> 0.0012850575 | J24: =Convolution!O360 -> 0.0091958182 | K24: =Convolution!O361 -> 0.040018253 | L24: =Convolution!O362 -> 0.11291769 | M24: =Convolution!O363 -> 0.21212625 | N24: =Convolution!O364 -> 0.26557891 | O24: =Convolution!O365 -> 0.21653082 | P24: =Convolution!O366 -> 0.10878977 | Q24: =Convolution!O367 -> 0.030034008 | R24: =Convolution!O368 -> 0.0034260248 | S24: =Convolution!O369 -> 0 | T24: =INDEX($F$1:$S$1,MATCH(MAX(F24:S24),F24:S24,0)) -> P(8) | U24: =SUM(L24:S24) -> 0.94940347 | V24: =SUM(P24:S24) -> 0.1422498 | W24: =ROUND(SUM(F24:S24),6) -> 1
A25: =RANK(E25,$E$2:$E$139) -> 70 | B25: S. Carolina | C25: =Schedule!$B$25 -> 12.6 | D25: 12 | E25: =Schedule!$BQ$25 -> 6.5255292 | F25: =Convolution!O372 -> 6.1655629e-08 | G25: =Convolution!O373 -> 1.9098708e-05 | H25: =Convolution!O374 -> 0.0014538679 | I25: =Convolution!O375 -> 0.014727711 | J25: =Convolution!O376 -> 0.06582353 | K25: =Convolution!O377 -> 0.16401421 | L25: =Convolution!O378 -> 0.25151112 | M25: =Convolution!O379 -> 0.24917059 | N25: =Convolution!O380 -> 0.16248117 | O25: =Convolution!O381 -> 0.069243444 | P25: =Convolution!O382 -> 0.0185412 | Q25: =Convolution!O383 -> 0.0028270844 | R25: =Convolution!O384 -> 0.00018691023 | S25: =Convolution!O385 -> 0 | T25: =INDEX($F$1:$S$1,MATCH(MAX(F25:S25),F25:S25,0)) -> P(6) | U25: =SUM(L25:S25) -> 0.75396152 | V25: =SUM(P25:S25) -> 0.021555194 | W25: =ROUND(SUM(F25:S25),6) -> 1
A26: =RANK(E26,$E$2:$E$139) -> 16 | B26: SMU | C26: =Schedule!$B$26 -> 12.1 | D26: 12 | E26: =Schedule!$BQ$26 -> 8.2912458 | F26: =Convolution!O388 -> 6.688514e-09 | G26: =Convolution!O389 -> 7.4108738e-07 | H26: =Convolution!O390 -> 2.730435e-05 | I26: =Convolution!O391 -> 0.00044256623 | J26: =Convolution!O392 -> 0.0039391674 | K26: =Convolution!O393 -> 0.021481811 | L26: =Convolution!O394 -> 0.075696766 | M26: =Convolution!O395 -> 0.17585274 | N26: =Convolution!O396 -> 0.26792791 | O26: =Convolution!O397 -> 0.25928911 | P26: =Convolution!O398 -> 0.14832529 | Q26: =Convolution!O399 -> 0.042929945 | R26: =Convolution!O400 -> 0.0040866447 | S26: =Convolution!O401 -> 0 | T26: =INDEX($F$1:$S$1,MATCH(MAX(F26:S26),F26:S26,0)) -> P(8) | U26: =SUM(L26:S26) -> 0.9741084 | V26: =SUM(P26:S26) -> 0.19534188 | W26: =ROUND(SUM(F26:S26),6) -> 1
A27: =RANK(E27,$E$2:$E$139) -> 72 | B27: Auburn | C27: =Schedule!$B$27 -> 11.5 | D27: 12 | E27: =Schedule!$BQ$27 -> 6.4442188 | F27: =Convolution!O404 -> 6.6690194e-08 | G27: =Convolution!O405 -> 2.7375459e-05 | H27: =Convolution!O406 -> 0.0017421238 | I27: =Convolution!O407 -> 0.016501588 | J27: =Convolution!O408 -> 0.070735745 | K27: =Convolution!O409 -> 0.17165576 | L27: =Convolution!O410 -> 0.25752336 | M27: =Convolution!O411 -> 0.24801545 | N27: =Convolution!O412 -> 0.15484429 | O27: =Convolution!O413 -> 0.061790568 | P27: =Convolution!O414 -> 0.015047151 | Q27: =Convolution!O415 -> 0.0020068555 | R27: =Convolution!O416 -> 0.00010966678 | S27: =Convolution!O417 -> 0 | T27: =INDEX($F$1:$S$1,MATCH(MAX(F27:S27),F27:S27,0)) -> P(6) | U27: =SUM(L27:S27) -> 0.73933734 | V27: =SUM(P27:S27) -> 0.017163674 | W27: =ROUND(SUM(F27:S27),6) -> 1
A28: =RANK(E28,$E$2:$E$139) -> 29 | B28: Louisville | C28: =Schedule!$B$28 -> 11.1 | D28: 12 | E28: =Schedule!$BQ$28 -> 7.8401589 | F28: =Convolution!O420 -> 2.7429706e-07 | G28: =Convolution!O421 -> 1.7155073e-05 | H28: =Convolution!O422 -> 0.00030388752 | I28: =Convolution!O423 -> 0.002703087 | J28: =Convolution!O424 -> 0.014529317 | K28: =Convolution!O425 -> 0.051379478 | L28: =Convolution!O426 -> 0.12470362 | M28: =Convolution!O427 -> 0.21144047 | N28: =Convolution!O428 -> 0.25011259 | O28: =Convolution!O429 -> 0.20204187 | P28: =Convolution!O430 -> 0.10598671 | Q28: =Convolution!O431 -> 0.032418035 | R28: =Convolution!O432 -> 0.0043634966 | S28: =Convolution!O433 -> 0 | T28: =INDEX($F$1:$S$1,MATCH(MAX(F28:S28),F28:S28,0)) -> P(8) | U28: =SUM(L28:S28) -> 0.9310668 | V28: =SUM(P28:S28) -> 0.14276824 | W28: =ROUND(SUM(F28:S28),6) -> 1
A29: =RANK(E29,$E$2:$E$139) -> 58 | B29: Illinois | C29: =Schedule!$B$29 -> 10.4 | D29: 12 | E29: =Schedule!$BQ$29 -> 7.0330811 | F29: =Convolution!O436 -> 3.4036122e-07 | G29: =Convolution!O437 -> 2.4690252e-05 | H29: =Convolution!O438 -> 0.00059929267 | I29: =Convolution!O439 -> 0.0060669409 | J29: =Convolution!O440 -> 0.03239833 | K29: =Convolution!O441 -> 0.10316435 | L29: =Convolution!O442 -> 0.20796463 | M29: =Convolution!O443 -> 0.27113153 | N29: =Convolution!O444 -> 0.22636112 | O29: =Convolution!O445 -> 0.11558034 | P29: =Convolution!O446 -> 0.032523536 | Q29: =Convolution!O447 -> 0.0040327378 | R29: =Convolution!O448 -> 0.00015216503 | S29: =Convolution!O449 -> 0 | T29: =INDEX($F$1:$S$1,MATCH(MAX(F29:S29),F29:S29,0)) -> P(7) | U29: =SUM(L29:S29) -> 0.85774606 | V29: =SUM(P29:S29) -> 0.036708439 | W29: =ROUND(SUM(F29:S29),6) -> 1
A30: =RANK(E30,$E$2:$E$139) -> 75 | B30: Vanderbilt | C30: =Schedule!$B$30 -> 9.8 | D30: 12 | E30: =Schedule!$BQ$30 -> 6.3441841 | F30: =Convolution!O452 -> 2.6169897e-07 | G30: =Convolution!O453 -> 0.00011938921 | H30: =Convolution!O454 -> 0.0029634851 | I30: =Convolution!O455 -> 0.022086727 | J30: =Convolution!O456 -> 0.08225736 | K30: =Convolution!O457 -> 0.18133003 | L30: =Convolution!O458 -> 0.25503142 | M30: =Convolution!O459 -> 0.2364682 | N30: =Convolution!O460 -> 0.14536544 | O30: =Convolution!O461 -> 0.058082953 | P30: =Convolution!O462 -> 0.014281288 | Q30: =Convolution!O463 -> 0.0019122264 | R30: =Convolution!O464 -> 0.00010122032 | S30: =Convolution!O465 -> 0 | T30: =INDEX($F$1:$S$1,MATCH(MAX(F30:S30),F30:S30,0)) -> P(6) | U30: =SUM(L30:S30) -> 0.71124274 | V30: =SUM(P30:S30) -> 0.016294734 | W30: =ROUND(SUM(F30:S30),6) -> 1
A31: =RANK(E31,$E$2:$E$139) -> 27 | B31: Utah | C31: =Schedule!$B$31 -> 9.8 | D31: 12 | E31: =Schedule!$BQ$31 -> 7.9300236 | F31: =Convolution!O468 -> 2.4140706e-07 | G31: =Convolution!O469 -> 1.1729105e-05 | H31: =Convolution!O470 -> 0.00021376567 | I31: =Convolution!O471 -> 0.0020450985 | J31: =Convolution!O472 -> 0.011864088 | K31: =Convolution!O473 -> 0.044975541 | L31: =Convolution!O474 -> 0.1159007 | M31: =Convolution!O475 -> 0.2064986 | N31: =Convolution!O476 -> 0.25403519 | O31: =Convolution!O477 -> 0.21133206 | P31: =Convolution!O478 -> 0.11319401 | Q31: =Convolution!O479 -> 0.035137242 | R31: =Convolution!O480 -> 0.0047917288 | S31: =Convolution!O481 -> 0 | T31: =INDEX($F$1:$S$1,MATCH(MAX(F31:S31),F31:S31,0)) -> P(8) | U31: =SUM(L31:S31) -> 0.94088954 | V31: =SUM(P31:S31) -> 0.15312298 | W31: =ROUND(SUM(F31:S31),6) -> 1
A32: =RANK(E32,$E$2:$E$139) -> 40 | B32: Arizona | C32: =Schedule!$B$32 -> 9.5 | D32: 12 | E32: =Schedule!$BQ$32 -> 7.6277616 | F32: =Convolution!O484 -> 4.4564736e-08 | G32: =Convolution!O485 -> 5.1099708e-06 | H32: =Convolution!O486 -> 0.00016895115 | I32: =Convolution!O487 -> 0.0021306862 | J32: =Convolution!O488 -> 0.014126346 | K32: =Convolution!O489 -> 0.056355694 | L32: =Convolution!O490 -> 0.14389055 | M32: =Convolution!O491 -> 0.24083569 | N32: =Convolution!O492 -> 0.26368225 | O32: =Convolution!O493 -> 0.18376767 | P32: =Convolution!O494 -> 0.076676752 | Q32: =Convolution!O495 -> 0.016908028 | R32: =Convolution!O496 -> 0.001452226 | S32: =Convolution!O497 -> 0 | T32: =INDEX($F$1:$S$1,MATCH(MAX(F32:S32),F32:S32,0)) -> P(8) | U32: =SUM(L32:S32) -> 0.92721317 | V32: =SUM(P32:S32) -> 0.095037007 | W32: =ROUND(SUM(F32:S32),6) -> 1
A33: =RANK(E33,$E$2:$E$139) -> 45 | B33: TCU | C33: =Schedule!$B$33 -> 9.4 | D33: 12 | E33: =Schedule!$BQ$33 -> 7.4320158 | F33: =Convolution!O500 -> 1.3991027e-08 | G33: =Convolution!O501 -> 1.286964e-05 | H33: =Convolution!O502 -> 0.00035951651 | I33: =Convolution!O503 -> 0.0038084361 | J33: =Convolution!O504 -> 0.021494989 | K33: =Convolution!O505 -> 0.073962754 | L33: =Convolution!O506 -> 0.165357 | M33: =Convolution!O507 -> 0.24686461 | N33: =Convolution!O508 -> 0.24659616 | O33: =Convolution!O509 -> 0.1610799 | P33: =Convolution!O510 -> 0.06495559 | Q33: =Convolution!O511 -> 0.014271633 | R33: =Convolution!O512 -> 0.0012365361 | S33: =Convolution!O513 -> 0 | T33: =INDEX($F$1:$S$1,MATCH(MAX(F33:S33),F33:S33,0)) -> P(7) | U33: =SUM(L33:S33) -> 0.90036142 | V33: =SUM(P33:S33) -> 0.080463758 | W33: =ROUND(SUM(F33:S33),6) -> 1
A34: =RANK(E34,$E$2:$E$139) -> 77 | B34: Nebraska | C34: =Schedule!$B$34 -> 9.3 | D34: 12 | E34: =Schedule!$BQ$34 -> 6.1726306 | F34: =Convolution!O516 -> 2.1700013e-06 | G34: =Convolution!O517 -> 0.0001146098 | H34: =Convolution!O518 -> 0.0022227986 | I34: =Convolution!O519 -> 0.019815304 | J34: =Convolution!O520 -> 0.085918803 | K34: =Convolution!O521 -> 0.20409555 | L34: =Convolution!O522 -> 0.28438038 | M34: =Convolution!O523 -> 0.23918515 | N34: =Convolution!O524 -> 0.12150121 | O34: =Convolution!O525 -> 0.036274922 | P34: =Convolution!O526 -> 0.0059860836 | Q34: =Convolution!O527 -> 0.00048787375 | R34: =Convolution!O528 -> 1.5147472e-05 | S34: =Convolution!O529 -> 0 | T34: =INDEX($F$1:$S$1,MATCH(MAX(F34:S34),F34:S34,0)) -> P(6) | U34: =SUM(L34:S34) -> 0.68783077 | V34: =SUM(P34:S34) -> 0.0064891048 | W34: =ROUND(SUM(F34:S34),6) -> 1
A35: =RANK(E35,$E$2:$E$139) -> 22 | B35: Kansas St. | C35: =Schedule!$B$35 -> 9.2 | D35: 12 | E35: =Schedule!$BQ$35 -> 8.0436345 | F35: =Convolution!O532 -> 2.8394872e-08 | G35: =Convolution!O533 -> 6.8745136e-06 | H35: =Convolution!O534 -> 0.00015950763 | I35: =Convolution!O535 -> 0.0016708977 | J35: =Convolution!O536 -> 0.010170967 | K35: =Convolution!O537 -> 0.039911881 | L35: =Convolution!O538 -> 0.10622277 | M35: =Convolution!O539 -> 0.19611592 | N35: =Convolution!O540 -> 0.25169755 | O35: =Convolution!O541 -> 0.22040511 | P35: =Convolution!O542 -> 0.12554718 | Q35: =Convolution!O543 -> 0.041889433 | R35: =Convolution!O544 -> 0.0062018904 | S35: =Convolution!O545 -> 0 | T35: =INDEX($F$1:$S$1,MATCH(MAX(F35:S35),F35:S35,0)) -> P(8) | U35: =SUM(L35:S35) -> 0.94807984 | V35: =SUM(P35:S35) -> 0.1736385 | W35: =ROUND(SUM(F35:S35),6) -> 1
A36: =RANK(E36,$E$2:$E$139) -> 68 | B36: Florida St. | C36: =Schedule!$B$36 -> 9.1 | D36: 12 | E36: =Schedule!$BQ$36 -> 6.5842999 | F36: =Convolution!O548 -> 2.1366911e-07 | G36: =Convolution!O549 -> 4.7211809e-05 | H36: =Convolution!O550 -> 0.0017122352 | I36: =Convolution!O551 -> 0.015017514 | J36: =Convolution!O552 -> 0.063274629 | K36: =Convolution!O553 -> 0.15574497 | L36: =Convolution!O554 -> 0.24339031 | M36: =Convolution!O555 -> 0.25033943 | N36: =Convolution!O556 -> 0.17066849 | O36: =Convolution!O557 -> 0.075705132 | P36: =Convolution!O558 -> 0.020756175 | Q36: =Convolution!O559 -> 0.0031457371 | R36: =Convolution!O560 -> 0.00019795543 | S36: =Convolution!O561 -> 0 | T36: =INDEX($F$1:$S$1,MATCH(MAX(F36:S36),F36:S36,0)) -> P(7) | U36: =SUM(L36:S36) -> 0.76420323 | V36: =SUM(P36:S36) -> 0.024099868 | W36: =ROUND(SUM(F36:S36),6) -> 1
A37: =RANK(E37,$E$2:$E$139) -> 55 | B37: Va. Tech | C37: =Schedule!$B$37 -> 8.6 | D37: 12 | E37: =Schedule!$BQ$37 -> 7.1372958 | F37: =Convolution!O564 -> 6.7774513e-08 | G37: =Convolution!O565 -> 3.5602544e-05 | H37: =Convolution!O566 -> 0.00074333781 | I37: =Convolution!O567 -> 0.0065602773 | J37: =Convolution!O568 -> 0.032200924 | K37: =Convolution!O569 -> 0.098049104 | L37: =Convolution!O570 -> 0.19491952 | M37: =Convolution!O571 -> 0.25808731 | N37: =Convolution!O572 -> 0.22688085 | O37: =Convolution!O573 -> 0.12893194 | P37: =Convolution!O574 -> 0.044637868 | Q37: =Convolution!O575 -> 0.0083361545 | R37: =Convolution!O576 -> 0.0006170538 | S37: =Convolution!O577 -> 0 | T37: =INDEX($F$1:$S$1,MATCH(MAX(F37:S37),F37:S37,0)) -> P(7) | U37: =SUM(L37:S37) -> 0.86241069 | V37: =SUM(P37:S37) -> 0.053591076 | W37: =ROUND(SUM(F37:S37),6) -> 1
A38: =RANK(E38,$E$2:$E$139) -> 34 | B38: Virginia | C38: =Schedule!$B$38 -> 8.1 | D38: 12 | E38: =Schedule!$BQ$38 -> 7.7652962 | F38: =Convolution!O580 -> 6.1258422e-09 | G38: =Convolution!O581 -> 6.5084508e-06 | H38: =Convolution!O582 -> 0.00019171151 | I38: =Convolution!O583 -> 0.0021964639 | J38: =Convolution!O584 -> 0.013640272 | K38: =Convolution!O585 -> 0.052301869 | L38: =Convolution!O586 -> 0.13166105 | M38: =Convolution!O587 -> 0.22351251 | N38: =Convolution!O588 -> 0.25676692 | O38: =Convolution!O589 -> 0.19592631 | P38: =Convolution!O590 -> 0.094639574 | Q38: =Convolution!O591 -> 0.026057043 | R38: =Convolution!O592 -> 0.0030997665 | S38: =Convolution!O593 -> 0 | T38: =INDEX($F$1:$S$1,MATCH(MAX(F38:S38),F38:S38,0)) -> P(8) | U38: =SUM(L38:S38) -> 0.93166317 | V38: =SUM(P38:S38) -> 0.12379638 | W38: =ROUND(SUM(F38:S38),6) -> 1
A39: =RANK(E39,$E$2:$E$139) -> 47 | B39: Houston | C39: =Schedule!$B$39 -> 7.4 | D39: 12 | E39: =Schedule!$BQ$39 -> 7.4278394 | F39: =Convolution!O596 -> 3.0896622e-08 | G39: =Convolution!O597 -> 1.8966077e-05 | H39: =Convolution!O598 -> 0.00041671183 | I39: =Convolution!O599 -> 0.0039748636 | J39: =Convolution!O600 -> 0.021505159 | K39: =Convolution!O601 -> 0.073216556 | L39: =Convolution!O602 -> 0.1644549 | M39: =Convolution!O603 -> 0.247825 | N39: =Convolution!O604 -> 0.24898354 | O39: =Convolution!O605 -> 0.16174073 | P39: =Convolution!O606 -> 0.06360798 | Q39: =Convolution!O607 -> 0.013226802 | R39: =Convolution!O608 -> 0.0010287543 | S39: =Convolution!O609 -> 0 | T39: =INDEX($F$1:$S$1,MATCH(MAX(F39:S39),F39:S39,0)) -> P(8) | U39: =SUM(L39:S39) -> 0.90086771 | V39: =SUM(P39:S39) -> 0.077863536 | W39: =ROUND(SUM(F39:S39),6) -> 1
A40: =RANK(E40,$E$2:$E$139) -> 67 | B40: Oklahoma St. | C40: =Schedule!$B$40 -> 6.9 | D40: 12 | E40: =Schedule!$BQ$40 -> 6.6256977 | F40: =Convolution!O612 -> 5.5098952e-06 | G40: =Convolution!O613 -> 0.00022473904 | H40: =Convolution!O614 -> 0.0027299446 | I40: =Convolution!O615 -> 0.016764143 | J40: =Convolution!O616 -> 0.061766673 | K40: =Convolution!O617 -> 0.14717513 | L40: =Convolution!O618 -> 0.23433928 | M40: =Convolution!O619 -> 0.25117081 | N40: =Convolution!O620 -> 0.17881339 | O40: =Convolution!O621 -> 0.081531179 | P40: =Convolution!O622 -> 0.022178471 | Q40: =Convolution!O623 -> 0.0031342513 | R40: =Convolution!O624 -> 0.00016647358 | S40: =Convolution!O625 -> 0 | T40: =INDEX($F$1:$S$1,MATCH(MAX(F40:S40),F40:S40,0)) -> P(7) | U40: =SUM(L40:S40) -> 0.77133386 | V40: =SUM(P40:S40) -> 0.025479196 | W40: =ROUND(SUM(F40:S40),6) -> 1
A41: =RANK(E41,$E$2:$E$139) -> 80 | B41: Minnesota | C41: =Schedule!$B$41 -> 6.2 | D41: 12 | E41: =Schedule!$BQ$41 -> 6.0665835 | F41: =Convolution!O628 -> 1.0752694e-07 | G41: =Convolution!O629 -> 8.0092743e-05 | H41: =Convolution!O630 -> 0.0037203061 | I41: =Convolution!O631 -> 0.029040165 | J41: =Convolution!O632 -> 0.10426945 | K41: =Convolution!O633 -> 0.21353428 | L41: =Convolution!O634 -> 0.27085668 | M41: =Convolution!O635 -> 0.21956218 | N41: =Convolution!O636 -> 0.1139842 | O41: =Convolution!O637 -> 0.037060189 | P41: =Convolution!O638 -> 0.0071413625 | Q41: =Convolution!O639 -> 0.00072297548 | R41: =Convolution!O640 -> 2.8006087e-05 | S41: =Convolution!O641 -> 0 | T41: =INDEX($F$1:$S$1,MATCH(MAX(F41:S41),F41:S41,0)) -> P(6) | U41: =SUM(L41:S41) -> 0.64935559 | V41: =SUM(P41:S41) -> 0.007892344 | W41: =ROUND(SUM(F41:S41),6) -> 1
A42: =RANK(E42,$E$2:$E$139) -> 61 | B42: Pittsburgh | C42: =Schedule!$B$42 -> 6.2 | D42: 12 | E42: =Schedule!$BQ$42 -> 6.8842199 | F42: =Convolution!O644 -> 4.4934768e-08 | G42: =Convolution!O645 -> 9.1614449e-05 | H42: =Convolution!O646 -> 0.0015298644 | I42: =Convolution!O647 -> 0.011127971 | J42: =Convolution!O648 -> 0.046364212 | K42: =Convolution!O649 -> 0.12262852 | L42: =Convolution!O650 -> 0.2154817 | M42: =Convolution!O651 -> 0.25551885 | N42: =Convolution!O652 -> 0.20312671 | O42: =Convolution!O653 -> 0.10505173 | P42: =Convolution!O654 -> 0.033140197 | Q42: =Convolution!O655 -> 0.0055812979 | R42: =Convolution!O656 -> 0.00035729895 | S42: =Convolution!O657 -> 0 | T42: =INDEX($F$1:$S$1,MATCH(MAX(F42:S42),F42:S42,0)) -> P(7) | U42: =SUM(L42:S42) -> 0.81825778 | V42: =SUM(P42:S42) -> 0.039078794 | W42: =ROUND(SUM(F42:S42),6) -> 1
A43: =RANK(E43,$E$2:$E$139) -> 78 | B43: Ga. Tech | C43: =Schedule!$B$43 -> 5.9 | D43: 12 | E43: =Schedule!$BQ$43 -> 6.1251089 | F43: =Convolution!O660 -> 7.0034287e-06 | G43: =Convolution!O661 -> 0.00052741543 | H43: =Convolution!O662 -> 0.0061510289 | I43: =Convolution!O663 -> 0.032986435 | J43: =Convolution!O664 -> 0.10200499 | K43: =Convolution!O665 -> 0.19931194 | L43: =Convolution!O666 -> 0.25640911 | M43: =Convolution!O667 -> 0.22018466 | N43: =Convolution!O668 -> 0.12529968 | O43: =Convolution!O669 -> 0.045832535 | P43: =Convolution!O670 -> 0.010081594 | Q43: =Convolution!O671 -> 0.0011563496 | R43: =Convolution!O672 -> 4.7265822e-05 | S43: =Convolution!O673 -> 0 | T43: =INDEX($F$1:$S$1,MATCH(MAX(F43:S43),F43:S43,0)) -> P(6) | U43: =SUM(L43:S43) -> 0.65901118 | V43: =SUM(P43:S43) -> 0.01128521 | W43: =ROUND(SUM(F43:S43),6) -> 1
A44: =RANK(E44,$E$2:$E$139) -> 56 | B44: NC St. | C44: =Schedule!$B$44 -> 5.7 | D44: 12 | E44: =Schedule!$BQ$44 -> 7.0515854 | F44: =Convolution!O676 -> 1.2942019e-06 | G44: =Convolution!O677 -> 7.0938001e-05 | H44: =Convolution!O678 -> 0.0011751324 | I44: =Convolution!O679 -> 0.0090366125 | J44: =Convolution!O680 -> 0.039592284 | K44: =Convolution!O681 -> 0.10935937 | L44: =Convolution!O682 -> 0.200631 | M44: =Convolution!O683 -> 0.25038567 | N44: =Convolution!O684 -> 0.21322703 | O44: =Convolution!O685 -> 0.12175338 | P44: =Convolution!O686 -> 0.044503714 | Q44: =Convolution!O687 -> 0.0093940521 | R44: =Convolution!O688 -> 0.00086953445 | S44: =Convolution!O689 -> 0 | T44: =INDEX($F$1:$S$1,MATCH(MAX(F44:S44),F44:S44,0)) -> P(7) | U44: =SUM(L44:S44) -> 0.84076437 | V44: =SUM(P44:S44) -> 0.054767301 | W44: =ROUND(SUM(F44:S44),6) -> 1
A45: =RANK(E45,$E$2:$E$139) -> 116 | B45: Arkansas | C45: =Schedule!$B$45 -> 5.6 | D45: 12 | E45: =Schedule!$BQ$45 -> 4.3681532 | F45: =Convolution!O692 -> 4.5725264e-05 | G45: =Convolution!O693 -> 0.0092799687 | H45: =Convolution!O694 -> 0.072300887 | I45: =Convolution!O695 -> 0.19552042 | J45: =Convolution!O696 -> 0.27767857 | K45: =Convolution!O697 -> 0.24077603 | L45: =Convolution!O698 -> 0.13644003 | M45: =Convolution!O699 -> 0.052016849 | N45: =Convolution!O700 -> 0.013393827 | O45: =Convolution!O701 -> 0.0022858436 | P45: =Convolution!O702 -> 0.00024635255 | Q45: =Convolution!O703 -> 1.5099797e-05 | R45: =Convolution!O704 -> 3.9935994e-07 | S45: =Convolution!O705 -> 0 | T45: =INDEX($F$1:$S$1,MATCH(MAX(F45:S45),F45:S45,0)) -> P(4) | U45: =SUM(L45:S45) -> 0.20439841 | V45: =SUM(P45:S45) -> 0.0002618517 | W45: =ROUND(SUM(F45:S45),6) -> 1
A46: =RANK(E46,$E$2:$E$139) -> 74 | B46: Duke | C46: =Schedule!$B$46 -> 5.6 | D46: 12 | E46: =Schedule!$BQ$46 -> 6.4083585 | F46: =Convolution!O708 -> 6.2658507e-06 | G46: =Convolution!O709 -> 0.00029861524 | H46: =Convolution!O710 -> 0.0037229932 | I46: =Convolution!O711 -> 0.022390633 | J46: =Convolution!O712 -> 0.078096593 | K46: =Convolution!O713 -> 0.17156687 | L46: =Convolution!O714 -> 0.24750697 | M46: =Convolution!O715 -> 0.23876527 | N46: =Convolution!O716 -> 0.1538121 | O46: =Convolution!O717 -> 0.06462506 | P46: =Convolution!O718 -> 0.016724888 | Q46: =Convolution!O719 -> 0.0023536138 | R46: =Convolution!O720 -> 0.0001301319 | S46: =Convolution!O721 -> 0 | T46: =INDEX($F$1:$S$1,MATCH(MAX(F46:S46),F46:S46,0)) -> P(6) | U46: =SUM(L46:S46) -> 0.72391803 | V46: =SUM(P46:S46) -> 0.019208633 | W46: =ROUND(SUM(F46:S46),6) -> 1
A47: =RANK(E47,$E$2:$E$139) -> 89 | B47: UCLA | C47: =Schedule!$B$47 -> 5.4 | D47: 12 | E47: =Schedule!$BQ$47 -> 5.8455931 | F47: =Convolution!O724 -> 7.0366875e-05 | G47: =Convolution!O725 -> 0.0014170243 | H47: =Convolution!O726 -> 0.011261112 | I47: =Convolution!O727 -> 0.048521976 | J47: =Convolution!O728 -> 0.12831711 | K47: =Convolution!O729 -> 0.22088029 | L47: =Convolution!O730 -> 0.2540844 | M47: =Convolution!O731 -> 0.19618696 | N47: =Convolution!O732 -> 0.10010222 | O47: =Convolution!O733 -> 0.032414508 | P47: =Convolution!O734 -> 0.0061472677 | Q47: =Convolution!O735 -> 0.00057925341 | R47: =Convolution!O736 -> 1.7509278e-05 | S47: =Convolution!O737 -> 0 | T47: =INDEX($F$1:$S$1,MATCH(MAX(F47:S47),F47:S47,0)) -> P(6) | U47: =SUM(L47:S47) -> 0.58953212 | V47: =SUM(P47:S47) -> 0.0067440304 | W47: =ROUND(SUM(F47:S47),6) -> 1
A48: =RANK(E48,$E$2:$E$139) -> 115 | B48: Kentucky | C48: =Schedule!$B$48 -> 5.2 | D48: 12 | E48: =Schedule!$BQ$48 -> 4.4525761 | F48: =Convolution!O740 -> 0.00027901367 | G48: =Convolution!O741 -> 0.0075013142 | H48: =Convolution!O742 -> 0.063444559 | I48: =Convolution!O743 -> 0.18426397 | J48: =Convolution!O744 -> 0.27540768 | K48: =Convolution!O745 -> 0.24821168 | L48: =Convolution!O746 -> 0.14531794 | M48: =Convolution!O747 -> 0.057217306 | N48: =Convolution!O748 -> 0.015288946 | O48: =Convolution!O749 -> 0.0027335519 | P48: =Convolution!O750 -> 0.00031277165 | Q48: =Convolution!O751 -> 2.067465e-05 | R48: =Convolution!O752 -> 5.9942632e-07 | S48: =Convolution!O753 -> 0 | T48: =INDEX($F$1:$S$1,MATCH(MAX(F48:S48),F48:S48,0)) -> P(4) | U48: =SUM(L48:S48) -> 0.22089179 | V48: =SUM(P48:S48) -> 0.00033404573 | W48: =ROUND(SUM(F48:S48),6) -> 1
A49: =RANK(E49,$E$2:$E$139) -> 83 | B49: Maryland | C49: =Schedule!$B$49 -> 5.2 | D49: 12 | E49: =Schedule!$BQ$49 -> 5.9508816 | F49: =Convolution!O756 -> 8.9548791e-06 | G49: =Convolution!O757 -> 0.0006201843 | H49: =Convolution!O758 -> 0.0073701606 | I49: =Convolution!O759 -> 0.039090227 | J49: =Convolution!O760 -> 0.1169389 | K49: =Convolution!O761 -> 0.21748106 | L49: =Convolution!O762 -> 0.26249913 | M49: =Convolution!O763 -> 0.20809475 | N49: =Convolution!O764 -> 0.10695168 | O49: =Convolution!O765 -> 0.034183998 | P49: =Convolution!O766 -> 0.0062199214 | Q49: =Convolution!O767 -> 0.00052959501 | R49: =Convolution!O768 -> 1.1445567e-05 | S49: =Convolution!O769 -> 0 | T49: =INDEX($F$1:$S$1,MATCH(MAX(F49:S49),F49:S49,0)) -> P(6) | U49: =SUM(L49:S49) -> 0.61849052 | V49: =SUM(P49:S49) -> 0.006760962 | W49: =ROUND(SUM(F49:S49),6) -> 1
A50: =RANK(E50,$E$2:$E$139) -> 19 | B50: Boise St. | C50: =Schedule!$B$50 -> 5.1 | D50: 12 | E50: =Schedule!$BQ$50 -> 8.1957267 | F50: =Convolution!O772 -> 1.4229575e-07 | G50: =Convolution!O773 -> 5.7639018e-06 | H50: =Convolution!O774 -> 0.00010028897 | I50: =Convolution!O775 -> 0.0010020808 | J50: =Convolution!O776 -> 0.006439366 | K50: =Convolution!O777 -> 0.028093745 | L50: =Convolution!O778 -> 0.085261673 | M50: =Convolution!O779 -> 0.18063384 | N50: =Convolution!O780 -> 0.2627559 | O50: =Convolution!O781 -> 0.25122716 | P50: =Convolution!O782 -> 0.14373386 | Q50: =Convolution!O783 -> 0.03910342 | R50: =Convolution!O784 -> 0.0016427665 | S50: =Convolution!O785 -> 0 | T50: =INDEX($F$1:$S$1,MATCH(MAX(F50:S50),F50:S50,0)) -> P(8) | U50: =SUM(L50:S50) -> 0.96435861 | V50: =SUM(P50:S50) -> 0.18448004 | W50: =ROUND(SUM(F50:S50),6) -> 1
A51: =RANK(E51,$E$2:$E$139) -> 104 | B51: Northwestern | C51: =Schedule!$B$51 -> 5.1 | D51: 12 | E51: =Schedule!$BQ$51 -> 5.2736862 | F51: =Convolution!O788 -> 2.1046329e-05 | G51: =Convolution!O789 -> 0.0013085168 | H51: =Convolution!O790 -> 0.015990032 | I51: =Convolution!O791 -> 0.077305937 | J51: =Convolution!O792 -> 0.19351686 | K51: =Convolution!O793 -> 0.28063019 | L51: =Convolution!O794 -> 0.24714982 | M51: =Convolution!O795 -> 0.13317934 | N51: =Convolution!O796 -> 0.042674031 | O51: =Convolution!O797 -> 0.0075527604 | P51: =Convolution!O798 -> 0.00064644528 | Q51: =Convolution!O799 -> 2.4690617e-05 | R51: =Convolution!O800 -> 3.3317134e-07 | S51: =Convolution!O801 -> 0 | T51: =INDEX($F$1:$S$1,MATCH(MAX(F51:S51),F51:S51,0)) -> P(5) | U51: =SUM(L51:S51) -> 0.43122742 | V51: =SUM(P51:S51) -> 0.00067146907 | W51: =ROUND(SUM(F51:S51),6) -> 1
A52: =RANK(E52,$E$2:$E$139) -> 91 | B52: Arizona St. | C52: =Schedule!$B$52 -> 4.9 | D52: 12 | E52: =Schedule!$BQ$52 -> 5.7920113 | F52: =Convolution!O804 -> 5.8525433e-07 | G52: =Convolution!O805 -> 0.00089558534 | H52: =Convolution!O806 -> 0.010096507 | I52: =Convolution!O807 -> 0.048971351 | J52: =Convolution!O808 -> 0.13431695 | K52: =Convolution!O809 -> 0.23047513 | L52: =Convolution!O810 -> 0.2581905 | M52: =Convolution!O811 -> 0.19103514 | N52: =Convolution!O812 -> 0.092295099 | O52: =Convolution!O813 -> 0.028138034 | P52: =Convolution!O814 -> 0.005081773 | Q52: =Convolution!O815 -> 0.00048477196 | R52: =Convolution!O816 -> 1.8571706e-05 | S52: =Convolution!O817 -> 0 | T52: =INDEX($F$1:$S$1,MATCH(MAX(F52:S52),F52:S52,0)) -> P(6) | U52: =SUM(L52:S52) -> 0.57524389 | V52: =SUM(P52:S52) -> 0.0055851167 | W52: =ROUND(SUM(F52:S52),6) -> 1
A53: =RANK(E53,$E$2:$E$139) -> 110 | B53: Miss. St. | C53: =Schedule!$B$53 -> 4.8 | D53: 12 | E53: =Schedule!$BQ$53 -> 4.7000012 | F53: =Convolution!O820 -> 2.1782692e-06 | G53: =Convolution!O821 -> 0.00063110161 | H53: =Convolution!O822 -> 0.039313259 | I53: =Convolution!O823 -> 0.15362613 | J53: =Convolution!O824 -> 0.26798616 | K53: =Convolution!O825 -> 0.26937689 | L53: =Convolution!O826 -> 0.17186544 | M53: =Convolution!O827 -> 0.072507046 | N53: =Convolution!O828 -> 0.020433245 | O53: =Convolution!O829 -> 0.0037880034 | P53: =Convolution!O830 -> 0.0004407673 | Q53: =Convolution!O831 -> 2.8971252e-05 | R53: =Convolution!O832 -> 8.1427713e-07 | S53: =Convolution!O833 -> 0 | T53: =INDEX($F$1:$S$1,MATCH(MAX(F53:S53),F53:S53,0)) -> P(5) | U53: =SUM(L53:S53) -> 0.26906429 | V53: =SUM(P53:S53) -> 0.00047055283 | W53: =ROUND(SUM(F53:S53),6) -> 1
A54: =RANK(E54,$E$2:$E$139) -> 94 | B54: Wisconsin | C54: =Schedule!$B$54 -> 3.8 | D54: 12 | E54: =Schedule!$BQ$54 -> 5.6389684 | F54: =Convolution!O836 -> 2.5633336e-05 | G54: =Convolution!O837 -> 0.00091072672 | H54: =Convolution!O838 -> 0.010889734 | I54: =Convolution!O839 -> 0.055273841 | J54: =Convolution!O840 -> 0.15098845 | K54: =Convolution!O841 -> 0.24825369 | L54: =Convolution!O842 -> 0.25888067 | M54: =Convolution!O843 -> 0.17457777 | N54: =Convolution!O844 -> 0.075850038 | O54: =Convolution!O845 -> 0.020695983 | P54: =Convolution!O846 -> 0.0033558974 | Q54: =Convolution!O847 -> 0.00028790944 | R54: =Convolution!O848 -> 9.6529739e-06 | S54: =Convolution!O849 -> 0 | T54: =INDEX($F$1:$S$1,MATCH(MAX(F54:S54),F54:S54,0)) -> P(6) | U54: =SUM(L54:S54) -> 0.53365792 | V54: =SUM(P54:S54) -> 0.0036534599 | W54: =ROUND(SUM(F54:S54),6) -> 1
A55: =RANK(E55,$E$2:$E$139) -> 85 | B55: Baylor | C55: =Schedule!$B$55 -> 3.8 | D55: 12 | E55: =Schedule!$BQ$55 -> 5.9351034 | F55: =Convolution!O852 -> 7.3940321e-07 | G55: =Convolution!O853 -> 0.00059173738 | H55: =Convolution!O854 -> 0.0078094525 | I55: =Convolution!O855 -> 0.041755109 | J55: =Convolution!O856 -> 0.12198109 | K55: =Convolution!O857 -> 0.21924808 | L55: =Convolution!O858 -> 0.25678582 | M55: =Convolution!O859 -> 0.20104628 | N55: =Convolution!O860 -> 0.10551815 | O55: =Convolution!O861 -> 0.036406789 | P55: =Convolution!O862 -> 0.0078558267 | Q55: =Convolution!O863 -> 0.00095194021 | R55: =Convolution!O864 -> 4.8993593e-05 | S55: =Convolution!O865 -> 0 | T55: =INDEX($F$1:$S$1,MATCH(MAX(F55:S55),F55:S55,0)) -> P(6) | U55: =SUM(L55:S55) -> 0.60861379 | V55: =SUM(P55:S55) -> 0.0088567605 | W55: =ROUND(SUM(F55:S55),6) -> 1
A56: =RANK(E56,$E$2:$E$139) -> 11 | B56: UNLV | C56: =Schedule!$B$56 -> 3.6 | D56: 12 | E56: =Schedule!$BQ$56 -> 8.8539808 | F56: =Convolution!O868 -> 1.0564775e-08 | G56: =Convolution!O869 -> 6.1370107e-07 | H56: =Convolution!O870 -> 1.5193985e-05 | I56: =Convolution!O871 -> 0.0002118946 | J56: =Convolution!O872 -> 0.0018559513 | K56: =Convolution!O873 -> 0.010773279 | L56: =Convolution!O874 -> 0.04259126 | M56: =Convolution!O875 -> 0.11591236 | N56: =Convolution!O876 -> 0.21640158 | O56: =Convolution!O877 -> 0.27153642 | P56: =Convolution!O878 -> 0.21840255 | Q56: =Convolution!O879 -> 0.10156271 | R56: =Convolution!O880 -> 0.020736176 | S56: =Convolution!O881 -> 0 | T56: =INDEX($F$1:$S$1,MATCH(MAX(F56:S56),F56:S56,0)) -> P(9) | U56: =SUM(L56:S56) -> 0.98714306 | V56: =SUM(P56:S56) -> 0.34070144 | W56: =ROUND(SUM(F56:S56),6) -> 1
A57: =RANK(E57,$E$2:$E$139) -> 102 | B57: N. Carolina | C57: =Schedule!$B$57 -> 3.5 | D57: 12 | E57: =Schedule!$BQ$57 -> 5.2771044 | F57: =Convolution!O884 -> 2.3976062e-05 | G57: =Convolution!O885 -> 0.0021882803 | H57: =Convolution!O886 -> 0.021327211 | I57: =Convolution!O887 -> 0.087244804 | J57: =Convolution!O888 -> 0.19399561 | K57: =Convolution!O889 -> 0.26309856 | L57: =Convolution!O890 -> 0.23069056 | M57: =Convolution!O891 -> 0.1342205 | N57: =Convolution!O892 -> 0.05192637 | O57: =Convolution!O893 -> 0.013073271 | P57: =Convolution!O894 -> 0.0020308006 | Q57: =Convolution!O895 -> 0.00017390125 | R57: =Convolution!O896 -> 6.1594316e-06 | S57: =Convolution!O897 -> 0 | T57: =INDEX($F$1:$S$1,MATCH(MAX(F57:S57),F57:S57,0)) -> P(5) | U57: =SUM(L57:S57) -> 0.43212156 | V57: =SUM(P57:S57) -> 0.0022108612 | W57: =ROUND(SUM(F57:S57),6) -> 1
A58: =RANK(E58,$E$2:$E$139) -> 81 | B58: Wake Forest | C58: =Schedule!$B$58 -> 3.4 | D58: 12 | E58: =Schedule!$BQ$58 -> 6.0568413 | F58: =Convolution!O900 -> 1.1495529e-07 | G58: =Convolution!O901 -> 0.00013052159 | H58: =Convolution!O902 -> 0.0044826089 | I58: =Convolution!O903 -> 0.032314508 | J58: =Convolution!O904 -> 0.10916102 | K58: =Convolution!O905 -> 0.21316385 | L58: =Convolution!O906 -> 0.26293902 | M58: =Convolution!O907 -> 0.21307663 | N58: =Convolution!O908 -> 0.11455417 | O58: =Convolution!O909 -> 0.040233811 | P58: =Convolution!O910 -> 0.0088068441 | Q58: =Convolution!O911 -> 0.0010807239 | R58: =Convolution!O912 -> 5.6170157e-05 | S58: =Convolution!O913 -> 0 | T58: =INDEX($F$1:$S$1,MATCH(MAX(F58:S58),F58:S58,0)) -> P(6) | U58: =SUM(L58:S58) -> 0.64074737 | V58: =SUM(P58:S58) -> 0.0099437382 | W58: =ROUND(SUM(F58:S58),6) -> 1
A59: =RANK(E59,$E$2:$E$139) -> 86 | B59: Kansas | C59: =Schedule!$B$59 -> 3.3 | D59: 12 | E59: =Schedule!$BQ$59 -> 5.933844 | F59: =Convolution!O916 -> 3.4384178e-08 | G59: =Convolution!O917 -> 0.00011362039 | H59: =Convolution!O918 -> 0.0058654216 | I59: =Convolution!O919 -> 0.039798641 | J59: =Convolution!O920 -> 0.12399107 | K59: =Convolution!O921 -> 0.22433618 | L59: =Convolution!O922 -> 0.25898127 | M59: =Convolution!O923 -> 0.19903066 | N59: =Convolution!O924 -> 0.10319794 | O59: =Convolution!O925 -> 0.035707351 | P59: =Convolution!O926 -> 0.0079066596 | Q59: =Convolution!O927 -> 0.0010138667 | R59: =Convolution!O928 -> 5.7287507e-05 | S59: =Convolution!O929 -> 0 | T59: =INDEX($F$1:$S$1,MATCH(MAX(F59:S59),F59:S59,0)) -> P(6) | U59: =SUM(L59:S59) -> 0.60589503 | V59: =SUM(P59:S59) -> 0.0089778139 | W59: =ROUND(SUM(F59:S59),6) -> 1
A60: =RANK(E60,$E$2:$E$139) -> 90 | B60: Cincinnati | C60: =Schedule!$B$60 -> 3 | D60: 12 | E60: =Schedule!$BQ$60 -> 5.8009051 | F60: =Convolution!O932 -> 5.6679993e-06 | G60: =Convolution!O933 -> 0.0010530602 | H60: =Convolution!O934 -> 0.01101979 | I60: =Convolution!O935 -> 0.051029815 | J60: =Convolution!O936 -> 0.1353772 | K60: =Convolution!O937 -> 0.22722001 | L60: =Convolution!O938 -> 0.25240115 | M60: =Convolution!O939 -> 0.18876419 | N60: =Convolution!O940 -> 0.094766992 | O60: =Convolution!O941 -> 0.031201314 | P60: =Convolution!O942 -> 0.0063940221 | Q60: =Convolution!O943 -> 0.00073146353 | R60: =Convolution!O944 -> 3.5324596e-05 | S60: =Convolution!O945 -> 0 | T60: =INDEX($F$1:$S$1,MATCH(MAX(F60:S60),F60:S60,0)) -> P(6) | U60: =SUM(L60:S60) -> 0.57429445 | V60: =SUM(P60:S60) -> 0.0071608103 | W60: =ROUND(SUM(F60:S60),6) -> 1
A61: =RANK(E61,$E$2:$E$139) -> 88 | B61: California | C61: =Schedule!$B$61 -> 3 | D61: 12 | E61: =Schedule!$BQ$61 -> 5.871568 | F61: =Convolution!O948 -> 3.8968598e-07 | G61: =Convolution!O949 -> 0.0011868271 | H61: =Convolution!O950 -> 0.011774213 | I61: =Convolution!O951 -> 0.051490795 | J61: =Convolution!O952 -> 0.13120109 | K61: =Convolution!O953 -> 0.21670316 | L61: =Convolution!O954 -> 0.2438215 | M61: =Convolution!O955 -> 0.19078629 | N61: =Convolution!O956 -> 0.10384398 | O61: =Convolution!O957 -> 0.038528626 | P61: =Convolution!O958 -> 0.0092777995 | Q61: =Convolution!O959 -> 0.0013043014 | R61: =Convolution!O960 -> 8.1028947e-05 | S61: =Convolution!O961 -> 0 | T61: =INDEX($F$1:$S$1,MATCH(MAX(F61:S61),F61:S61,0)) -> P(6) | U61: =SUM(L61:S61) -> 0.58764353 | V61: =SUM(P61:S61) -> 0.01066313 | W61: =ROUND(SUM(F61:S61),6) -> 1
A62: =RANK(E62,$E$2:$E$139) -> 99 | B62: Rutgers | C62: =Schedule!$B$62 -> 2.7 | D62: 12 | E62: =Schedule!$BQ$62 -> 5.4021322 | F62: =Convolution!O964 -> 2.847486e-07 | G62: =Convolution!O965 -> 0.00013346185 | H62: =Convolution!O966 -> 0.012186358 | I62: =Convolution!O967 -> 0.071665597 | J62: =Convolution!O968 -> 0.18489285 | K62: =Convolution!O969 -> 0.26982699 | L62: =Convolution!O970 -> 0.24522539 | M62: =Convolution!O971 -> 0.14444237 | N62: =Convolution!O972 -> 0.055611307 | O62: =Convolution!O973 -> 0.013755186 | P62: =Convolution!O974 -> 0.0020813139 | Q62: =Convolution!O975 -> 0.00017293224 | R62: =Convolution!O976 -> 5.9447752e-06 | S62: =Convolution!O977 -> 0 | T62: =INDEX($F$1:$S$1,MATCH(MAX(F62:S62),F62:S62,0)) -> P(5) | U62: =SUM(L62:S62) -> 0.46129445 | V62: =SUM(P62:S62) -> 0.0022601909 | W62: =ROUND(SUM(F62:S62),6) -> 1
A63: =RANK(E63,$E$2:$E$139) -> 113 | B63: Michigan St. | C63: =Schedule!$B$63 -> 2.2 | D63: 12 | E63: =Schedule!$BQ$63 -> 4.6255855 | F63: =Convolution!O980 -> 0.00048163464 | G63: =Convolution!O981 -> 0.0087689619 | H63: =Convolution!O982 -> 0.053972645 | I63: =Convolution!O983 -> 0.15598006 | J63: =Convolution!O984 -> 0.25510491 | K63: =Convolution!O985 -> 0.258811 | L63: =Convolution!O986 -> 0.1699031 | M63: =Convolution!O987 -> 0.072966579 | N63: =Convolution!O988 -> 0.020200186 | O63: =Convolution!O989 -> 0.0034561225 | P63: =Convolution!O990 -> 0.00033797056 | Q63: =Convolution!O991 -> 1.6524366e-05 | R63: =Convolution!O992 -> 3.0698665e-07 | S63: =Convolution!O993 -> 0 | T63: =INDEX($F$1:$S$1,MATCH(MAX(F63:S63),F63:S63,0)) -> P(5) | U63: =SUM(L63:S63) -> 0.26688079 | V63: =SUM(P63:S63) -> 0.00035480191 | W63: =ROUND(SUM(F63:S63),6) -> 1
A64: =RANK(E64,$E$2:$E$139) -> 82 | B64: UCF | C64: =Schedule!$B$64 -> 1.7 | D64: 12 | E64: =Schedule!$BQ$64 -> 6.0186516 | F64: =Convolution!O996 -> 4.3121828e-07 | G64: =Convolution!O997 -> 0.00011213801 | H64: =Convolution!O998 -> 0.0054503734 | I64: =Convolution!O999 -> 0.036947297 | J64: =Convolution!O1000 -> 0.1163074 | K64: =Convolution!O1001 -> 0.21494897 | L64: =Convolution!O1002 -> 0.25625625 | M64: =Convolution!O1003 -> 0.20548397 | N64: =Convolution!O1004 -> 0.11217971 | O64: =Convolution!O1005 -> 0.041172352 | P64: =Convolution!O1006 -> 0.0097248859 | Q64: =Convolution!O1007 -> 0.0013352724 | R64: =Convolution!O1008 -> 8.0954686e-05 | S64: =Convolution!O1009 -> 0 | T64: =INDEX($F$1:$S$1,MATCH(MAX(F64:S64),F64:S64,0)) -> P(6) | U64: =SUM(L64:S64) -> 0.62623339 | V64: =SUM(P64:S64) -> 0.011141113 | W64: =ROUND(SUM(F64:S64),6) -> 1
A65: =RANK(E65,$E$2:$E$139) -> 25 | B65: Navy | C65: =Schedule!$B$65 -> 1.2 | D65: 12 | E65: =Schedule!$BQ$65 -> 7.9743814 | F65: =Convolution!O1012 -> 5.1946098e-08 | G65: =Convolution!O1013 -> 3.4265104e-06 | H65: =Convolution!O1014 -> 8.2894788e-05 | I65: =Convolution!O1015 -> 0.001027329 | J65: =Convolution!O1016 -> 0.0075031298 | K65: =Convolution!O1017 -> 0.034638805 | L65: =Convolution!O1018 -> 0.10467476 | M65: =Convolution!O1019 -> 0.20953849 | N65: =Convolution!O1020 -> 0.27540076 | O65: =Convolution!O1021 -> 0.22927944 | P65: =Convolution!O1022 -> 0.11115705 | Q65: =Convolution!O1023 -> 0.025512222 | R65: =Convolution!O1024 -> 0.0011816443 | S65: =Convolution!O1025 -> 0 | T65: =INDEX($F$1:$S$1,MATCH(MAX(F65:S65),F65:S65,0)) -> P(8) | U65: =SUM(L65:S65) -> 0.95674436 | V65: =SUM(P65:S65) -> 0.13785091 | W65: =ROUND(SUM(F65:S65),6) -> 1
A66: =RANK(E66,$E$2:$E$139) -> 48 | B66: SDSU | C66: =Schedule!$B$66 -> 0.7 | D66: 12 | E66: =Schedule!$BQ$66 -> 7.3789048 | F66: =Convolution!O1028 -> 1.8416158e-06 | G66: =Convolution!O1029 -> 6.7984321e-05 | H66: =Convolution!O1030 -> 0.00089878256 | I66: =Convolution!O1031 -> 0.0063628672 | J66: =Convolution!O1032 -> 0.028019083 | K66: =Convolution!O1033 -> 0.082380432 | L66: =Convolution!O1034 -> 0.16735727 | M66: =Convolution!O1035 -> 0.23772683 | N66: =Convolution!O1036 -> 0.23466622 | O66: =Convolution!O1037 -> 0.15688809 | P66: =Convolution!O1038 -> 0.067287579 | Q66: =Convolution!O1039 -> 0.016573863 | R66: =Convolution!O1040 -> 0.0017691471 | S66: =Convolution!O1041 -> 0 | T66: =INDEX($F$1:$S$1,MATCH(MAX(F66:S66),F66:S66,0)) -> P(7) | U66: =SUM(L66:S66) -> 0.88226901 | V66: =SUM(P66:S66) -> 0.08563059 | W66: =ROUND(SUM(F66:S66),6) -> 1
A67: =RANK(E67,$E$2:$E$139) -> 111 | B67: Colorado | C67: =Schedule!$B$67 -> 0.7 | D67: 12 | E67: =Schedule!$BQ$67 -> 4.6920792 | F67: =Convolution!O1044 -> 0.00072637664 | G67: =Convolution!O1045 -> 0.012489335 | H67: =Convolution!O1046 -> 0.061182032 | I67: =Convolution!O1047 -> 0.15307089 | J67: =Convolution!O1048 -> 0.2351201 | K67: =Convolution!O1049 -> 0.2409238 | L67: =Convolution!O1050 -> 0.17145386 | M67: =Convolution!O1051 -> 0.086065024 | N67: =Convolution!O1052 -> 0.030359408 | O67: =Convolution!O1053 -> 0.0073452264 | P67: =Convolution!O1054 -> 0.0011545592 | Q67: =Convolution!O1055 -> 0.00010524401 | R67: =Convolution!O1056 -> 4.1567201e-06 | S67: =Convolution!O1057 -> 0 | T67: =INDEX($F$1:$S$1,MATCH(MAX(F67:S67),F67:S67,0)) -> P(5) | U67: =SUM(L67:S67) -> 0.29648748 | V67: =SUM(P67:S67) -> 0.00126396 | W67: =ROUND(SUM(F67:S67),6) -> 1
A68: =RANK(E68,$E$2:$E$139) -> 33 | B68: Memphis | C68: =Schedule!$B$68 -> 0.3 | D68: 12 | E68: =Schedule!$BQ$68 -> 7.7795486 | F68: =Convolution!O1060 -> 3.2038845e-08 | G68: =Convolution!O1061 -> 4.0629015e-06 | H68: =Convolution!O1062 -> 0.00011758359 | I68: =Convolution!O1063 -> 0.0015374053 | J68: =Convolution!O1064 -> 0.011022726 | K68: =Convolution!O1065 -> 0.047510169 | L68: =Convolution!O1066 -> 0.12947591 | M68: =Convolution!O1067 -> 0.22912951 | N68: =Convolution!O1068 -> 0.26523307 | O68: =Convolution!O1069 -> 0.19815047 | P68: =Convolution!O1070 -> 0.091543061 | Q68: =Convolution!O1071 -> 0.02366808 | R68: =Convolution!O1072 -> 0.0026079304 | S68: =Convolution!O1073 -> 0 | T68: =INDEX($F$1:$S$1,MATCH(MAX(F68:S68),F68:S68,0)) -> P(8) | U68: =SUM(L68:S68) -> 0.93980802 | V68: =SUM(P68:S68) -> 0.11781907 | W68: =ROUND(SUM(F68:S68),6) -> 1
A69: =RANK(E69,$E$2:$E$139) -> 20 | B69: New Mexico | C69: =Schedule!$B$69 -> 0 | D69: 12 | E69: =Schedule!$BQ$69 -> 8.141485 | F69: =Convolution!O1076 -> 1.411017e-10 | G69: =Convolution!O1077 -> 1.1076294e-06 | H69: =Convolution!O1078 -> 4.0080276e-05 | I69: =Convolution!O1079 -> 0.00060817255 | J69: =Convolution!O1080 -> 0.0051105727 | K69: =Convolution!O1081 -> 0.02642107 | L69: =Convolution!O1082 -> 0.088122282 | M69: =Convolution!O1083 -> 0.1928642 | N69: =Convolution!O1084 -> 0.27510621 | O69: =Convolution!O1085 -> 0.24721206 | P69: =Convolution!O1086 -> 0.12939379 | Q69: =Convolution!O1087 -> 0.032893116 | R69: =Convolution!O1088 -> 0.0022273467 | S69: =Convolution!O1089 -> 0 | T69: =INDEX($F$1:$S$1,MATCH(MAX(F69:S69),F69:S69,0)) -> P(8) | U69: =SUM(L69:S69) -> 0.967819 | V69: =SUM(P69:S69) -> 0.16451425 | W69: =ROUND(SUM(F69:S69),6) -> 1
A70: =RANK(E70,$E$2:$E$139) -> 107 | B70: Iowa St. | C70: =Schedule!$B$70 -> -0.4 | D70: 12 | E70: =Schedule!$BQ$70 -> 5.153616 | F70: =Convolution!O1092 -> 1.0656156e-05 | G70: =Convolution!O1093 -> 0.0022014029 | H70: =Convolution!O1094 -> 0.024672814 | I70: =Convolution!O1095 -> 0.09949201 | J70: =Convolution!O1096 -> 0.20968461 | K70: =Convolution!O1097 -> 0.26696766 | L70: =Convolution!O1098 -> 0.21976681 | M70: =Convolution!O1099 -> 0.12053366 | N70: =Convolution!O1100 -> 0.044249713 | O70: =Convolution!O1101 -> 0.010670751 | P70: =Convolution!O1102 -> 0.0016087299 | Q70: =Convolution!O1103 -> 0.00013627125 | R70: =Convolution!O1104 -> 4.9128432e-06 | S70: =Convolution!O1105 -> 0 | T70: =INDEX($F$1:$S$1,MATCH(MAX(F70:S70),F70:S70,0)) -> P(5) | U70: =SUM(L70:S70) -> 0.39697084 | V70: =SUM(P70:S70) -> 0.001749914 | W70: =ROUND(SUM(F70:S70),6) -> 1
A71: =RANK(E71,$E$2:$E$139) -> 10 | B71: JMU | C71: =Schedule!$B$71 -> -0.9 | D71: 12 | E71: =Schedule!$BQ$71 -> 8.8864745 | F71: =Convolution!O1108 -> 7.4242279e-11 | G71: =Convolution!O1109 -> 9.9642331e-08 | H71: =Convolution!O1110 -> 6.2213466e-06 | I71: =Convolution!O1111 -> 0.00013064474 | J71: =Convolution!O1112 -> 0.0014154186 | K71: =Convolution!O1113 -> 0.0092553992 | L71: =Convolution!O1114 -> 0.039293912 | M71: =Convolution!O1115 -> 0.111971 | N71: =Convolution!O1116 -> 0.21567837 | O71: =Convolution!O1117 -> 0.27605371 | P71: =Convolution!O1118 -> 0.22352845 | Q71: =Convolution!O1119 -> 0.1026253 | R71: =Convolution!O1120 -> 0.020041469 | S71: =Convolution!O1121 -> 0 | T71: =INDEX($F$1:$S$1,MATCH(MAX(F71:S71),F71:S71,0)) -> P(9) | U71: =SUM(L71:S71) -> 0.98919222 | V71: =SUM(P71:S71) -> 0.34619523 | W71: =ROUND(SUM(F71:S71),6) -> 1
A72: =RANK(E72,$E$2:$E$139) -> 43 | B72: UTSA | C72: =Schedule!$B$72 -> -1.1 | D72: 12 | E72: =Schedule!$BQ$72 -> 7.5067373 | F72: =Convolution!O1124 -> 8.1078764e-08 | G72: =Convolution!O1125 -> 1.5789881e-05 | H72: =Convolution!O1126 -> 0.0003373337 | I72: =Convolution!O1127 -> 0.0032769447 | J72: =Convolution!O1128 -> 0.018403992 | K72: =Convolution!O1129 -> 0.065630716 | L72: =Convolution!O1130 -> 0.15488938 | M72: =Convolution!O1131 -> 0.24507841 | N72: =Convolution!O1132 -> 0.25748463 | O72: =Convolution!O1133 -> 0.17308026 | P72: =Convolution!O1134 -> 0.068374884 | Q72: =Convolution!O1135 -> 0.012917864 | R72: =Convolution!O1136 -> 0.00050971454 | S72: =Convolution!O1137 -> 0 | T72: =INDEX($F$1:$S$1,MATCH(MAX(F72:S72),F72:S72,0)) -> P(8) | U72: =SUM(L72:S72) -> 0.91233514 | V72: =SUM(P72:S72) -> 0.081802463 | W72: =ROUND(SUM(F72:S72),6) -> 1
A73: =RANK(E73,$E$2:$E$139) -> 109 | B73: WVU | C73: =Schedule!$B$73 -> -1.3 | D73: 12 | E73: =Schedule!$BQ$73 -> 4.8923539 | F73: =Convolution!O1140 -> 4.9454057e-05 | G73: =Convolution!O1141 -> 0.0040061509 | H73: =Convolution!O1142 -> 0.03712744 | I73: =Convolution!O1143 -> 0.12820553 | J73: =Convolution!O1144 -> 0.23575425 | K73: =Convolution!O1145 -> 0.26532139 | L73: =Convolution!O1146 -> 0.19473857 | M73: =Convolution!O1147 -> 0.095661617 | N73: =Convolution!O1148 -> 0.031445718 | O73: =Convolution!O1149 -> 0.0067406004 | P73: =Convolution!O1150 -> 0.00088535799 | Q73: =Convolution!O1151 -> 6.2277853e-05 | R73: =Convolution!O1152 -> 1.6488353e-06 | S73: =Convolution!O1153 -> 0 | T73: =INDEX($F$1:$S$1,MATCH(MAX(F73:S73),F73:S73,0)) -> P(5) | U73: =SUM(L73:S73) -> 0.32953579 | V73: =SUM(P73:S73) -> 0.00094928468 | W73: =ROUND(SUM(F73:S73),6) -> 1
A74: =RANK(E74,$E$2:$E$139) -> 60 | B74: Fresno St. | C74: =Schedule!$B$74 -> -1.4 | D74: 12 | E74: =Schedule!$BQ$74 -> 6.9532168 | F74: =Convolution!O1156 -> 2.8024989e-06 | G74: =Convolution!O1157 -> 9.878302e-05 | H74: =Convolution!O1158 -> 0.0013379666 | I74: =Convolution!O1159 -> 0.0096011163 | J74: =Convolution!O1160 -> 0.04146537 | K74: =Convolution!O1161 -> 0.11482194 | L74: =Convolution!O1162 -> 0.21053702 | M74: =Convolution!O1163 -> 0.25858543 | N74: =Convolution!O1164 -> 0.21116957 | O74: =Convolution!O1165 -> 0.11116092 | P74: =Convolution!O1166 -> 0.035177326 | Q74: =Convolution!O1167 -> 0.0057318094 | R74: =Convolution!O1168 -> 0.000309956 | S74: =Convolution!O1169 -> 0 | T74: =INDEX($F$1:$S$1,MATCH(MAX(F74:S74),F74:S74,0)) -> P(7) | U74: =SUM(L74:S74) -> 0.83267202 | V74: =SUM(P74:S74) -> 0.041219091 | W74: =ROUND(SUM(F74:S74),6) -> 1
A75: =RANK(E75,$E$2:$E$139) -> 21 | B75: USF | C75: =Schedule!$B$75 -> -1.7 | D75: 12 | E75: =Schedule!$BQ$75 -> 8.1261067 | F75: =Convolution!O1172 -> 3.8348425e-09 | G75: =Convolution!O1173 -> 1.6368664e-06 | H75: =Convolution!O1174 -> 5.6660282e-05 | I75: =Convolution!O1175 -> 0.00082168422 | J75: =Convolution!O1176 -> 0.0064904609 | K75: =Convolution!O1177 -> 0.031137161 | L75: =Convolution!O1178 -> 0.095871087 | M75: =Convolution!O1179 -> 0.19468708 | N75: =Convolution!O1180 -> 0.26266207 | O75: =Convolution!O1181 -> 0.23239252 | P75: =Convolution!O1182 -> 0.12929098 | Q75: =Convolution!O1183 -> 0.040959957 | R75: =Convolution!O1184 -> 0.0056287089 | S75: =Convolution!O1185 -> 0 | T75: =INDEX($F$1:$S$1,MATCH(MAX(F75:S75),F75:S75,0)) -> P(8) | U75: =SUM(L75:S75) -> 0.96149239 | V75: =SUM(P75:S75) -> 0.17587964 | W75: =ROUND(SUM(F75:S75),6) -> 1
A76: =RANK(E76,$E$2:$E$139) -> 17 | B76: NDSU | C76: =Schedule!$B$76 -> -1.8 | D76: 12 | E76: =Schedule!$BQ$76 -> 8.2879049 | F76: =Convolution!O1188 -> 1.8454436e-09 | G76: =Convolution!O1189 -> 7.7643814e-07 | H76: =Convolution!O1190 -> 2.7876405e-05 | I76: =Convolution!O1191 -> 0.00044090567 | J76: =Convolution!O1192 -> 0.0039278022 | K76: =Convolution!O1193 -> 0.021651307 | L76: =Convolution!O1194 -> 0.076928736 | M76: =Convolution!O1195 -> 0.17841815 | N76: =Convolution!O1196 -> 0.26810058 | O76: =Convolution!O1197 -> 0.2544214 | P76: =Convolution!O1198 -> 0.14523303 | Q76: =Convolution!O1199 -> 0.04506227 | R76: =Convolution!O1200 -> 0.0057871582 | S76: =Convolution!O1201 -> 0 | T76: =INDEX($F$1:$S$1,MATCH(MAX(F76:S76),F76:S76,0)) -> P(8) | U76: =SUM(L76:S76) -> 0.97395133 | V76: =SUM(P76:S76) -> 0.19608246 | W76: =ROUND(SUM(F76:S76),6) -> 1
A77: =RANK(E77,$E$2:$E$139) -> 117 | B77: Syracuse | C77: =Schedule!$B$77 -> -1.9 | D77: 12 | E77: =Schedule!$BQ$77 -> 4.333179 | F77: =Convolution!O1204 -> 0.00058921353 | G77: =Convolution!O1205 -> 0.015260998 | H77: =Convolution!O1206 -> 0.080827128 | I77: =Convolution!O1207 -> 0.19476893 | J77: =Convolution!O1208 -> 0.26828013 | K77: =Convolution!O1209 -> 0.23386705 | L77: =Convolution!O1210 -> 0.13569199 | M77: =Convolution!O1211 -> 0.053528853 | N77: =Convolution!O1212 -> 0.014341232 | O77: =Convolution!O1213 -> 0.002545163 | P77: =Convolution!O1214 -> 0.00028180459 | Q77: =Convolution!O1215 -> 1.7093237e-05 | R77: =Convolution!O1216 -> 4.0457498e-07 | S77: =Convolution!O1217 -> 0 | T77: =INDEX($F$1:$S$1,MATCH(MAX(F77:S77),F77:S77,0)) -> P(4) | U77: =SUM(L77:S77) -> 0.20640654 | V77: =SUM(P77:S77) -> 0.0002993024 | W77: =ROUND(SUM(F77:S77),6) -> 1
A78: =RANK(E78,$E$2:$E$139) -> 63 | B78: Texas St. | C78: =Schedule!$B$78 -> -2.1 | D78: 12 | E78: =Schedule!$BQ$78 -> 6.7935671 | F78: =Convolution!O1220 -> 2.4855834e-06 | G78: =Convolution!O1221 -> 0.00012689736 | H78: =Convolution!O1222 -> 0.0017680764 | I78: =Convolution!O1223 -> 0.012165137 | J78: =Convolution!O1224 -> 0.049557366 | K78: =Convolution!O1225 -> 0.12934386 | L78: =Convolution!O1226 -> 0.22397307 | M78: =Convolution!O1227 -> 0.25941588 | N78: =Convolution!O1228 -> 0.19801922 | O78: =Convolution!O1229 -> 0.095448199 | P78: =Convolution!O1230 -> 0.026567388 | Q78: =Convolution!O1231 -> 0.0035001853 | R78: =Convolution!O1232 -> 0.0001122415 | S78: =Convolution!O1233 -> 0 | T78: =INDEX($F$1:$S$1,MATCH(MAX(F78:S78),F78:S78,0)) -> P(7) | U78: =SUM(L78:S78) -> 0.80703618 | V78: =SUM(P78:S78) -> 0.030179815 | W78: =ROUND(SUM(F78:S78),6) -> 1
A79: =RANK(E79,$E$2:$E$139) -> 131 | B79: Purdue | C79: =Schedule!$B$79 -> -2.2 | D79: 12 | E79: =Schedule!$BQ$79 -> 3.3502003 | F79: =Convolution!O1236 -> 0.0057730896 | G79: =Convolution!O1237 -> 0.066218523 | H79: =Convolution!O1238 -> 0.19927702 | I79: =Convolution!O1239 -> 0.2911886 | J79: =Convolution!O1240 -> 0.2475657 | K79: =Convolution!O1241 -> 0.13215003 | L79: =Convolution!O1242 -> 0.045772801 | M79: =Convolution!O1243 -> 0.010379059 | N79: =Convolution!O1244 -> 0.0015260446 | O79: =Convolution!O1245 -> 0.00014118173 | P79: =Convolution!O1246 -> 7.732681e-06 | Q79: =Convolution!O1247 -> 2.22037e-07 | R79: =Convolution!O1248 -> 2.4892926e-09 | S79: =Convolution!O1249 -> 0 | T79: =INDEX($F$1:$S$1,MATCH(MAX(F79:S79),F79:S79,0)) -> P(3) | U79: =SUM(L79:S79) -> 0.057827043 | V79: =SUM(P79:S79) -> 7.9572073e-06 | W79: =ROUND(SUM(F79:S79),6) -> 1
A80: =RANK(E80,$E$2:$E$139) -> 124 | B80: Stanford | C80: =Schedule!$B$80 -> -2.3 | D80: 12 | E80: =Schedule!$BQ$80 -> 3.8215696 | F80: =Convolution!O1252 -> 0.0014493811 | G80: =Convolution!O1253 -> 0.03371549 | H80: =Convolution!O1254 -> 0.13648606 | I80: =Convolution!O1255 -> 0.25393853 | J80: =Convolution!O1256 -> 0.27276252 | K80: =Convolution!O1257 -> 0.18603834 | L80: =Convolution!O1258 -> 0.084130926 | M80: =Convolution!O1259 -> 0.025574929 | N80: =Convolution!O1260 -> 0.0051763139 | O80: =Convolution!O1261 -> 0.00067322019 | P80: =Convolution!O1262 -> 5.219859e-05 | Q80: =Convolution!O1263 -> 2.0654102e-06 | R80: =Convolution!O1264 -> 2.8107932e-08 | S80: =Convolution!O1265 -> 0 | T80: =INDEX($F$1:$S$1,MATCH(MAX(F80:S80),F80:S80,0)) -> P(4) | U80: =SUM(L80:S80) -> 0.11560968 | V80: =SUM(P80:S80) -> 5.4292108e-05 | W80: =ROUND(SUM(F80:S80),6) -> 1
A81: =RANK(E81,$E$2:$E$139) -> 37 | B81: ECU | C81: =Schedule!$B$81 -> -2.3 | D81: 12 | E81: =Schedule!$BQ$81 -> 7.6570945 | F81: =Convolution!O1268 -> 3.8513526e-08 | G81: =Convolution!O1269 -> 6.4548871e-06 | H81: =Convolution!O1270 -> 0.00016640183 | I81: =Convolution!O1271 -> 0.0019374911 | J81: =Convolution!O1272 -> 0.012782954 | K81: =Convolution!O1273 -> 0.052367818 | L81: =Convolution!O1274 -> 0.13870547 | M81: =Convolution!O1275 -> 0.2404589 | N81: =Convolution!O1276 -> 0.27017148 | O81: =Convolution!O1277 -> 0.18991628 | P81: =Convolution!O1278 -> 0.077308127 | Q81: =Convolution!O1279 -> 0.015315845 | R81: =Convolution!O1280 -> 0.00086273535 | S81: =Convolution!O1281 -> 0 | T81: =INDEX($F$1:$S$1,MATCH(MAX(F81:S81),F81:S81,0)) -> P(8) | U81: =SUM(L81:S81) -> 0.93273884 | V81: =SUM(P81:S81) -> 0.093486708 | W81: =ROUND(SUM(F81:S81),6) -> 1
A82: =RANK(E82,$E$2:$E$139) -> 53 | B82: Army | C82: =Schedule!$B$82 -> -2.4 | D82: 12 | E82: =Schedule!$BQ$82 -> 7.1565272 | F82: =Convolution!O1284 -> 4.1521501e-06 | G82: =Convolution!O1285 -> 0.00014144266 | H82: =Convolution!O1286 -> 0.0016487951 | I82: =Convolution!O1287 -> 0.010213554 | J82: =Convolution!O1288 -> 0.039441999 | K82: =Convolution!O1289 -> 0.10240753 | L82: =Convolution!O1290 -> 0.18561172 | M82: =Convolution!O1291 -> 0.23834847 | N82: =Convolution!O1292 -> 0.21616376 | O82: =Convolution!O1293 -> 0.1353873 | P82: =Convolution!O1294 -> 0.055668618 | Q82: =Convolution!O1295 -> 0.013501707 | R82: =Convolution!O1296 -> 0.0014609591 | S82: =Convolution!O1297 -> 0 | T82: =INDEX($F$1:$S$1,MATCH(MAX(F82:S82),F82:S82,0)) -> P(7) | U82: =SUM(L82:S82) -> 0.84614253 | V82: =SUM(P82:S82) -> 0.070631285 | W82: =ROUND(SUM(F82:S82),6) -> 1
A83: =RANK(E83,$E$2:$E$139) -> 123 | B83: Boston Coll. | C83: =Schedule!$B$83 -> -2.5 | D83: 12 | E83: =Schedule!$BQ$83 -> 3.8806511 | F83: =Convolution!O1300 -> 0.0013580308 | G83: =Convolution!O1301 -> 0.031075188 | H83: =Convolution!O1302 -> 0.12848481 | I83: =Convolution!O1303 -> 0.24683798 | J83: =Convolution!O1304 -> 0.27456767 | K83: =Convolution!O1305 -> 0.19357476 | L83: =Convolution!O1306 -> 0.089945624 | M83: =Convolution!O1307 -> 0.027786138 | N83: =Convolution!O1308 -> 0.0056110258 | O83: =Convolution!O1309 -> 0.00070651985 | P83: =Convolution!O1310 -> 5.0507842e-05 | Q83: =Convolution!O1311 -> 1.7165771e-06 | R83: =Convolution!O1312 -> 2.0467649e-08 | S83: =Convolution!O1313 -> 0 | T83: =INDEX($F$1:$S$1,MATCH(MAX(F83:S83),F83:S83,0)) -> P(4) | U83: =SUM(L83:S83) -> 0.12410155 | V83: =SUM(P83:S83) -> 5.2244887e-05 | W83: =ROUND(SUM(F83:S83),6) -> 1
A84: =RANK(E84,$E$2:$E$139) -> 36 | B84: Hawaii | C84: =Schedule!$B$84 -> -2.6 | D84: 12 | E84: =Schedule!$BQ$84 -> 7.6694187 | F84: =Convolution!O1316 -> 4.3993954e-07 | G84: =Convolution!O1317 -> 1.7733431e-05 | H84: =Convolution!O1318 -> 0.00029610621 | I84: =Convolution!O1319 -> 0.0027257664 | J84: =Convolution!O1320 -> 0.015453748 | K84: =Convolution!O1321 -> 0.05693906 | L84: =Convolution!O1322 -> 0.14 | M84: =Convolution!O1323 -> 0.23189311 | N84: =Convolution!O1324 -> 0.25737247 | O84: =Convolution!O1325 -> 0.18704853 | P84: =Convolution!O1326 -> 0.084603902 | Q84: =Convolution!O1327 -> 0.021375763 | R84: =Convolution!O1328 -> 0.0022733764 | S84: =Convolution!O1329 -> 0 | T84: =INDEX($F$1:$S$1,MATCH(MAX(F84:S84),F84:S84,0)) -> P(8) | U84: =SUM(L84:S84) -> 0.92456715 | V84: =SUM(P84:S84) -> 0.10825304 | W84: =ROUND(SUM(F84:S84),6) -> 1
A85: =RANK(E85,$E$2:$E$139) -> 38 | B85: Air Force | C85: =Schedule!$B$85 -> -3.2 | D85: 12 | E85: =Schedule!$BQ$85 -> 7.6462592 | F85: =Convolution!O1332 -> 3.2084575e-08 | G85: =Convolution!O1333 -> 1.022054e-05 | H85: =Convolution!O1334 -> 0.00024984039 | I85: =Convolution!O1335 -> 0.0026568464 | J85: =Convolution!O1336 -> 0.015878231 | K85: =Convolution!O1337 -> 0.059073638 | L85: =Convolution!O1338 -> 0.14371003 | M85: =Convolution!O1339 -> 0.23370407 | N85: =Convolution!O1340 -> 0.25477919 | O85: =Convolution!O1341 -> 0.18312756 | P85: =Convolution!O1342 -> 0.082984634 | Q85: =Convolution!O1343 -> 0.021427422 | R85: =Convolution!O1344 -> 0.0023982848 | S85: =Convolution!O1345 -> 0 | T85: =INDEX($F$1:$S$1,MATCH(MAX(F85:S85),F85:S85,0)) -> P(8) | U85: =SUM(L85:S85) -> 0.92213119 | V85: =SUM(P85:S85) -> 0.10681034 | W85: =ROUND(SUM(F85:S85),6) -> 1
A86: =RANK(E86,$E$2:$E$139) -> 14 | B86: Miami-OH | C86: =Schedule!$B$86 -> -4 | D86: 12 | E86: =Schedule!$BQ$86 -> 8.4678167 | F86: =Convolution!O1348 -> 1.763632e-09 | G86: =Convolution!O1349 -> 2.7378786e-07 | H86: =Convolution!O1350 -> 1.1275298e-05 | I86: =Convolution!O1351 -> 0.00021266976 | J86: =Convolution!O1352 -> 0.0022305265 | K86: =Convolution!O1353 -> 0.014286087 | L86: =Convolution!O1354 -> 0.058482564 | M86: =Convolution!O1355 -> 0.15532522 | N86: =Convolution!O1356 -> 0.2648337 | O86: =Convolution!O1357 -> 0.27903398 | P86: =Convolution!O1358 -> 0.1685858 | Q86: =Convolution!O1359 -> 0.051176836 | R86: =Convolution!O1360 -> 0.0058210691 | S86: =Convolution!O1361 -> 0 | T86: =INDEX($F$1:$S$1,MATCH(MAX(F86:S86),F86:S86,0)) -> P(9) | U86: =SUM(L86:S86) -> 0.98325917 | V86: =SUM(P86:S86) -> 0.22558371 | W86: =ROUND(SUM(F86:S86),6) -> 1
A87: =RANK(E87,$E$2:$E$139) -> 100 | B87: Wash. St. | C87: =Schedule!$B$87 -> -4.3 | D87: 12 | E87: =Schedule!$BQ$87 -> 5.3219415 | F87: =Convolution!O1364 -> 9.6226253e-06 | G87: =Convolution!O1365 -> 0.0023842678 | H87: =Convolution!O1366 -> 0.021721995 | I87: =Convolution!O1367 -> 0.084907326 | J87: =Convolution!O1368 -> 0.18693257 | K87: =Convolution!O1369 -> 0.25750335 | L87: =Convolution!O1370 -> 0.23274994 | M87: =Convolution!O1371 -> 0.14044202 | N87: =Convolution!O1372 -> 0.05628775 | O87: =Convolution!O1373 -> 0.014569508 | P87: =Convolution!O1374 -> 0.0022916935 | Q87: =Convolution!O1375 -> 0.00019350303 | R87: =Convolution!O1376 -> 6.4507834e-06 | S87: =Convolution!O1377 -> 0 | T87: =INDEX($F$1:$S$1,MATCH(MAX(F87:S87),F87:S87,0)) -> P(5) | U87: =SUM(L87:S87) -> 0.44654087 | V87: =SUM(P87:S87) -> 0.0024916473 | W87: =ROUND(SUM(F87:S87),6) -> 1
A88: =RANK(E88,$E$2:$E$139) -> 66 | B88: Tulane | C88: =Schedule!$B$88 -> -4.3 | D88: 12 | E88: =Schedule!$BQ$88 -> 6.6425945 | F88: =Convolution!O1380 -> 7.9521419e-06 | G88: =Convolution!O1381 -> 0.00021749837 | H88: =Convolution!O1382 -> 0.0024796593 | I88: =Convolution!O1383 -> 0.01552516 | J88: =Convolution!O1384 -> 0.059357052 | K88: =Convolution!O1385 -> 0.14585158 | L88: =Convolution!O1386 -> 0.23605443 | M88: =Convolution!O1387 -> 0.25355663 | N88: =Convolution!O1388 -> 0.17942298 | O88: =Convolution!O1389 -> 0.081489771 | P88: =Convolution!O1390 -> 0.022473602 | Q88: =Convolution!O1391 -> 0.0033588856 | R88: =Convolution!O1392 -> 0.00020479058 | S88: =Convolution!O1393 -> 0 | T88: =INDEX($F$1:$S$1,MATCH(MAX(F88:S88),F88:S88,0)) -> P(7) | U88: =SUM(L88:S88) -> 0.77656109 | V88: =SUM(P88:S88) -> 0.026037278 | W88: =ROUND(SUM(F88:S88),6) -> 1
A89: =RANK(E89,$E$2:$E$139) -> 9 | B89: Liberty | C89: =Schedule!$B$89 -> -5.3 | D89: 12 | E89: =Schedule!$BQ$89 -> 8.8865837 | F89: =Convolution!O1396 -> 1.817742e-09 | G89: =Convolution!O1397 -> 1.6760222e-07 | H89: =Convolution!O1398 -> 5.9473421e-06 | I89: =Convolution!O1399 -> 0.00011048197 | J89: =Convolution!O1400 -> 0.0012100705 | K89: =Convolution!O1401 -> 0.0083091598 | L89: =Convolution!O1402 -> 0.037164249 | M89: =Convolution!O1403 -> 0.11044809 | N89: =Convolution!O1404 -> 0.21845621 | O89: =Convolution!O1405 -> 0.28188718 | P89: =Convolution!O1406 -> 0.22524829 | Q89: =Convolution!O1407 -> 0.099307075 | R89: =Convolution!O1408 -> 0.017853077 | S89: =Convolution!O1409 -> 0 | T89: =INDEX($F$1:$S$1,MATCH(MAX(F89:S89),F89:S89,0)) -> P(9) | U89: =SUM(L89:S89) -> 0.99036417 | V89: =SUM(P89:S89) -> 0.34240844 | W89: =ROUND(SUM(F89:S89),6) -> 1
A90: =RANK(E90,$E$2:$E$139) -> 101 | B90: Oregon St. | C90: =Schedule!$B$90 -> -5.6 | D90: 12 | E90: =Schedule!$BQ$90 -> 5.3197999 | F90: =Convolution!O1412 -> 0.00031381934 | G90: =Convolution!O1413 -> 0.0043857473 | H90: =Convolution!O1414 -> 0.026058794 | I90: =Convolution!O1415 -> 0.086946645 | J90: =Convolution!O1416 -> 0.18142022 | K90: =Convolution!O1417 -> 0.24914249 | L90: =Convolution!O1418 -> 0.23026935 | M90: =Convolution!O1419 -> 0.14358473 | N90: =Convolution!O1420 -> 0.059452163 | O90: =Convolution!O1421 -> 0.015738071 | P90: =Convolution!O1422 -> 0.0024795254 | Q90: =Convolution!O1423 -> 0.00020238331 | R90: =Convolution!O1424 -> 6.054046e-06 | S90: =Convolution!O1425 -> 0 | T90: =INDEX($F$1:$S$1,MATCH(MAX(F90:S90),F90:S90,0)) -> P(5) | U90: =SUM(L90:S90) -> 0.45173228 | V90: =SUM(P90:S90) -> 0.0026879628 | W90: =ROUND(SUM(F90:S90),6) -> 1
A91: =RANK(E91,$E$2:$E$139) -> 46 | B91: WMU | C91: =Schedule!$B$91 -> -6 | D91: 12 | E91: =Schedule!$BQ$91 -> 7.4282627 | F91: =Convolution!O1428 -> 9.7961313e-07 | G91: =Convolution!O1429 -> 3.3153192e-05 | H91: =Convolution!O1430 -> 0.00048216383 | I91: =Convolution!O1431 -> 0.0039718841 | J91: =Convolution!O1432 -> 0.020575075 | K91: =Convolution!O1433 -> 0.070336376 | L91: =Convolution!O1434 -> 0.16184838 | M91: =Convolution!O1435 -> 0.25062522 | N91: =Convolution!O1436 -> 0.25600477 | O91: =Convolution!O1437 -> 0.16462781 | P91: =Convolution!O1438 -> 0.060656474 | Q91: =Convolution!O1439 -> 0.010405241 | R91: =Convolution!O1440 -> 0.00043248298 | S91: =Convolution!O1441 -> 0 | T91: =INDEX($F$1:$S$1,MATCH(MAX(F91:S91),F91:S91,0)) -> P(8) | U91: =SUM(L91:S91) -> 0.90460037 | V91: =SUM(P91:S91) -> 0.071494198 | W91: =ROUND(SUM(F91:S91),6) -> 1
A92: =RANK(E92,$E$2:$E$139) -> 71 | B92: FAU | C92: =Schedule!$B$92 -> -6.1 | D92: 12 | E92: =Schedule!$BQ$92 -> 6.4589117 | F92: =Convolution!O1444 -> 8.691554e-07 | G92: =Convolution!O1445 -> 0.00012307233 | H92: =Convolution!O1446 -> 0.0023078685 | I92: =Convolution!O1447 -> 0.017554187 | J92: =Convolution!O1448 -> 0.070568609 | K92: =Convolution!O1449 -> 0.16825327 | L92: =Convolution!O1450 -> 0.25309968 | M92: =Convolution!O1451 -> 0.24758314 | N92: =Convolution!O1452 -> 0.15820864 | O92: =Convolution!O1453 -> 0.064517745 | P92: =Convolution!O1454 -> 0.015732686 | Q92: =Convolution!O1455 -> 0.0019690179 | R92: =Convolution!O1456 -> 8.1209909e-05 | S92: =Convolution!O1457 -> 0 | T92: =INDEX($F$1:$S$1,MATCH(MAX(F92:S92),F92:S92,0)) -> P(6) | U92: =SUM(L92:S92) -> 0.74119212 | V92: =SUM(P92:S92) -> 0.017782914 | W92: =ROUND(SUM(F92:S92),6) -> 1
A93: =RANK(E93,$E$2:$E$139) -> 69 | B93: Tulsa | C93: =Schedule!$B$93 -> -6.1 | D93: 12 | E93: =Schedule!$BQ$93 -> 6.5610507 | F93: =Convolution!O1460 -> 8.2041789e-07 | G93: =Convolution!O1461 -> 7.9513296e-05 | H93: =Convolution!O1462 -> 0.0015973791 | I93: =Convolution!O1463 -> 0.013656382 | J93: =Convolution!O1464 -> 0.060807376 | K93: =Convolution!O1465 -> 0.15737513 | L93: =Convolution!O1466 -> 0.25153992 | M93: =Convolution!O1467 -> 0.25621751 | N93: =Convolution!O1468 -> 0.1680071 | O93: =Convolution!O1469 -> 0.070138047 | P93: =Convolution!O1470 -> 0.017899214 | Q93: =Convolution!O1471 -> 0.0025306281 | R93: =Convolution!O1472 -> 0.00015098007 | S93: =Convolution!O1473 -> 0 | T93: =INDEX($F$1:$S$1,MATCH(MAX(F93:S93),F93:S93,0)) -> P(7) | U93: =SUM(L93:S93) -> 0.7664834 | V93: =SUM(P93:S93) -> 0.020580822 | W93: =ROUND(SUM(F93:S93),6) -> 1
A94: =RANK(E94,$E$2:$E$139) -> 52 | B94: ODU | C94: =Schedule!$B$94 -> -6.9 | D94: 12 | E94: =Schedule!$BQ$94 -> 7.2306232 | F94: =Convolution!O1476 -> 3.4155259e-07 | G94: =Convolution!O1477 -> 3.0271446e-05 | H94: =Convolution!O1478 -> 0.00061358974 | I94: =Convolution!O1479 -> 0.0056206457 | J94: =Convolution!O1480 -> 0.028659936 | K94: =Convolution!O1481 -> 0.090278927 | L94: =Convolution!O1482 -> 0.18551621 | M94: =Convolution!O1483 -> 0.25469921 | N94: =Convolution!O1484 -> 0.23358452 | O94: =Convolution!O1485 -> 0.13947481 | P94: =Convolution!O1486 -> 0.050917049 | Q94: =Convolution!O1487 -> 0.0098961168 | R94: =Convolution!O1488 -> 0.00070836525 | S94: =Convolution!O1489 -> 0 | T94: =INDEX($F$1:$S$1,MATCH(MAX(F94:S94),F94:S94,0)) -> P(7) | U94: =SUM(L94:S94) -> 0.87479629 | V94: =SUM(P94:S94) -> 0.061521531 | W94: =ROUND(SUM(F94:S94),6) -> 1
A95: =RANK(E95,$E$2:$E$139) -> 54 | B95: WKU | C95: =Schedule!$B$95 -> -7.3 | D95: 12 | E95: =Schedule!$BQ$95 -> 7.1394092 | F95: =Convolution!O1492 -> 9.3070331e-09 | G95: =Convolution!O1493 -> 1.377462e-05 | H95: =Convolution!O1494 -> 0.0003506089 | I95: =Convolution!O1495 -> 0.0038033445 | J95: =Convolution!O1496 -> 0.022901798 | K95: =Convolution!O1497 -> 0.084125783 | L95: =Convolution!O1498 -> 0.19522517 | M95: =Convolution!O1499 -> 0.28592381 | N95: =Convolution!O1500 -> 0.2547034 | O95: =Convolution!O1501 -> 0.12554427 | P95: =Convolution!O1502 -> 0.026787343 | Q95: =Convolution!O1503 -> 0.00061693603 | R95: =Convolution!O1504 -> 3.7569059e-06 | S95: =Convolution!O1505 -> 0 | T95: =INDEX($F$1:$S$1,MATCH(MAX(F95:S95),F95:S95,0)) -> P(7) | U95: =SUM(L95:S95) -> 0.88880468 | V95: =SUM(P95:S95) -> 0.027408036 | W95: =ROUND(SUM(F95:S95),6) -> 1
A96: =RANK(E96,$E$2:$E$139) -> 23 | B96: J'ville St. | C96: =Schedule!$B$96 -> -7.8 | D96: 12 | E96: =Schedule!$BQ$96 -> 8.0110064 | F96: =Convolution!O1508 -> 8.1620294e-08 | G96: =Convolution!O1509 -> 4.7034971e-06 | H96: =Convolution!O1510 -> 0.00010506347 | I96: =Convolution!O1511 -> 0.0012280117 | J96: =Convolution!O1512 -> 0.0084808283 | K96: =Convolution!O1513 -> 0.037026975 | L96: =Convolution!O1514 -> 0.10627635 | M96: =Convolution!O1515 -> 0.20430864 | N96: =Convolution!O1516 -> 0.2631718 | O96: =Convolution!O1517 -> 0.22261832 | P96: =Convolution!O1518 -> 0.11762324 | Q96: =Convolution!O1519 -> 0.034812723 | R96: =Convolution!O1520 -> 0.0043432722 | S96: =Convolution!O1521 -> 0 | T96: =INDEX($F$1:$S$1,MATCH(MAX(F96:S96),F96:S96,0)) -> P(8) | U96: =SUM(L96:S96) -> 0.95315434 | V96: =SUM(P96:S96) -> 0.15677923 | W96: =ROUND(SUM(F96:S96),6) -> 1
A97: =RANK(E97,$E$2:$E$139) -> 114 | B97: Utah St. | C97: =Schedule!$B$97 -> -7.9 | D97: 12 | E97: =Schedule!$BQ$97 -> 4.4578625 | F97: =Convolution!O1524 -> 0.0011216397 | G97: =Convolution!O1525 -> 0.014786824 | H97: =Convolution!O1526 -> 0.070636896 | I97: =Convolution!O1527 -> 0.17503763 | J97: =Convolution!O1528 -> 0.25874833 | K97: =Convolution!O1529 -> 0.24415986 | L97: =Convolution!O1530 -> 0.15194508 | M97: =Convolution!O1531 -> 0.062985448 | N97: =Convolution!O1532 -> 0.017229523 | O97: =Convolution!O1533 -> 0.003014379 | P97: =Convolution!O1534 -> 0.00031644699 | Q97: =Convolution!O1535 -> 1.756129e-05 | R97: =Convolution!O1536 -> 3.7852424e-07 | S97: =Convolution!O1537 -> 0 | T97: =INDEX($F$1:$S$1,MATCH(MAX(F97:S97),F97:S97,0)) -> P(4) | U97: =SUM(L97:S97) -> 0.23550882 | V97: =SUM(P97:S97) -> 0.00033438681 | W97: =ROUND(SUM(F97:S97),6) -> 1
A98: =RANK(E98,$E$2:$E$139) -> 50 | B98: Troy | C98: =Schedule!$B$98 -> -8 | D98: 12 | E98: =Schedule!$BQ$98 -> 7.2580844 | F98: =Convolution!O1540 -> 7.6680174e-08 | G98: =Convolution!O1541 -> 9.3930275e-06 | H98: =Convolution!O1542 -> 0.00026924132 | I98: =Convolution!O1543 -> 0.0033503983 | J98: =Convolution!O1544 -> 0.021760157 | K98: =Convolution!O1545 -> 0.081310281 | L98: =Convolution!O1546 -> 0.18615272 | M98: =Convolution!O1547 -> 0.26943077 | N98: =Convolution!O1548 -> 0.24707213 | O98: =Convolution!O1549 -> 0.13923636 | P98: =Convolution!O1550 -> 0.044490776 | Q98: =Convolution!O1551 -> 0.0066628256 | R98: =Convolution!O1552 -> 0.00025487548 | S98: =Convolution!O1553 -> 0 | T98: =INDEX($F$1:$S$1,MATCH(MAX(F98:S98),F98:S98,0)) -> P(7) | U98: =SUM(L98:S98) -> 0.89330045 | V98: =SUM(P98:S98) -> 0.051408478 | W98: =ROUND(SUM(F98:S98),6) -> 1
A99: =RANK(E99,$E$2:$E$139) -> 35 | B99: Marshall | C99: =Schedule!$B$99 -> -8.2 | D99: 12 | E99: =Schedule!$BQ$99 -> 7.6854756 | F99: =Convolution!O1556 -> 5.637141e-08 | G99: =Convolution!O1557 -> 3.7114681e-06 | H99: =Convolution!O1558 -> 9.5182313e-05 | I99: =Convolution!O1559 -> 0.0012634292 | J99: =Convolution!O1560 -> 0.0096803805 | K99: =Convolution!O1561 -> 0.045216462 | L99: =Convolution!O1562 -> 0.13263201 | M99: =Convolution!O1563 -> 0.24617849 | N99: =Convolution!O1564 -> 0.28448527 | O99: =Convolution!O1565 -> 0.19544086 | P99: =Convolution!O1566 -> 0.072677202 | Q99: =Convolution!O1567 -> 0.01189932 | R99: =Convolution!O1568 -> 0.00042762396 | S99: =Convolution!O1569 -> 0 | T99: =INDEX($F$1:$S$1,MATCH(MAX(F99:S99),F99:S99,0)) -> P(8) | U99: =SUM(L99:S99) -> 0.94374078 | V99: =SUM(P99:S99) -> 0.085004146 | W99: =ROUND(SUM(F99:S99),6) -> 1
A100: =RANK(E100,$E$2:$E$139) -> 73 | B100: La. Tech | C100: =Schedule!$B$100 -> -9.1 | D100: 12 | E100: =Schedule!$BQ$100 -> 6.4310718 | F100: =Convolution!O1572 -> 2.7030574e-06 | G100: =Convolution!O1573 -> 0.00017332656 | H100: =Convolution!O1574 -> 0.0026508286 | I100: =Convolution!O1575 -> 0.018461507 | J100: =Convolution!O1576 -> 0.071366407 | K100: =Convolution!O1577 -> 0.16851042 | L100: =Convolution!O1578 -> 0.25472882 | M100: =Convolution!O1579 -> 0.25035997 | N100: =Convolution!O1580 -> 0.15808074 | O100: =Convolution!O1581 -> 0.061268 | P100: =Convolution!O1582 -> 0.013148314 | Q100: =Convolution!O1583 -> 0.0012268016 | R100: =Convolution!O1584 -> 2.2162171e-05 | S100: =Convolution!O1585 -> 0 | T100: =INDEX($F$1:$S$1,MATCH(MAX(F100:S100),F100:S100,0)) -> P(6) | U100: =SUM(L100:S100) -> 0.73883481 | V100: =SUM(P100:S100) -> 0.014397278 | W100: =ROUND(SUM(F100:S100),6) -> 1
...

Sheet Market_Edge
A1: Team | B1: Line | C1: Over Odds | D1: Under Odds | E1: Model Exp W | F1: Model P(Over) | G1: Mkt P(Over) raw | H1: Mkt P(Under) raw | I1: Vig | J1: Fair P(Over) | K1: Edge (Over) | L1: Bet | M1: Bet Prob | N1: Bet Price | O1: EV per $100 | P1: Kelly %
A2: Ohio St. | B2: 9.5 | C2: -166 | D2: 140 | E2: =Win_Probabilities!E2 -> 10.205967 | F2: =SUMPRODUCT((Win_Probabilities!$F$1:$S$1<>"")*(COLUMN(Win_Probabilities!$F$1:$S$1)-COLUMN(Win_Probabilities!$F$1)>$B2)*Win_Probabilities!$F2:$S2) -> 0.74659984 | G2: =IF(C2<0,-C2/(-C2+100),100/(C2+100)) -> 0.62406015 | H2: =IF(D2<0,-D2/(-D2+100),100/(D2+100)) -> 0.41666667 | I2: =G2+H2-1 -> 0.040726817 | J2: =G2/(G2+H2) -> 0.59963877 | K2: =F2-J2 -> 0.14696106 | L2: =IF(K2>0,"OVER","UNDER") -> OVER | M2: =IF(K2>0,F2,1-F2) -> 0.74659984 | N2: =IF(K2>0,C2,D2) -> -166 | O2: =M2*IF(N2<0,10000/-N2,N2)-(1-M2)*100 -> 19.635877 | P2: =MAX(0,(M2*(IF(N2<0,100/-N2,N2/100)+1)-1)/IF(N2<0,100/-N2,N2/100)) -> 0.32595556
A3: Oregon | B3: 10.5 | C3: 100 | D3: -120 | E3: =Win_Probabilities!E3 -> 10.175094 | F3: =SUMPRODUCT((Win_Probabilities!$F$1:$S$1<>"")*(COLUMN(Win_Probabilities!$F$1:$S$1)-COLUMN(Win_Probabilities!$F$1)>$B3)*Win_Probabilities!$F3:$S3) -> 0.4133802 | G3: =IF(C3<0,-C3/(-C3+100),100/(C3+100)) -> 0.5 | H3: =IF(D3<0,-D3/(-D3+100),100/(D3+100)) -> 0.54545455 | I3: =G3+H3-1 -> 0.045454545 | J3: =G3/(G3+H3) -> 0.47826087 | K3: =F3-J3 -> -0.064880671 | L3: =IF(K3>0,"OVER","UNDER") -> UNDER | M3: =IF(K3>0,F3,1-F3) -> 0.5866198 | N3: =IF(K3>0,C3,D3) -> -120 | O3: =M3*IF(N3<0,10000/-N3,N3)-(1-M3)*100 -> 7.5469636 | P3: =MAX(0,(M3*(IF(N3<0,100/-N3,N3/100)+1)-1)/IF(N3<0,100/-N3,N3/100)) -> 0.090563563
A4: Notre Dame | B4: 11.5 | C4: 160 | D4: -190 | E4: =Win_Probabilities!E4 -> 10.800983 | F4: =SUMPRODUCT((Win_Probabilities!$F$1:$S$1<>"")*(COLUMN(Win_Probabilities!$F$1:$S$1)-COLUMN(Win_Probabilities!$F$1)>$B4)*Win_Probabilities!$F4:$S4) -> 0.26006172 | G4: =IF(C4<0,-C4/(-C4+100),100/(C4+100)) -> 0.38461538 | H4: =IF(D4<0,-D4/(-D4+100),100/(D4+100)) -> 0.65517241 | I4: =G4+H4-1 -> 0.039787798 | J4: =G4/(G4+H4) -> 0.36989796 | K4: =F4-J4 -> -0.10983624 | L4: =IF(K4>0,"OVER","UNDER") -> UNDER | M4: =IF(K4>0,F4,1-F4) -> 0.73993828 | N4: =IF(K4>0,C4,D4) -> -190 | O4: =M4*IF(N4<0,10000/-N4,N4)-(1-M4)*100 -> 12.937948 | P4: =MAX(0,(M4*(IF(N4<0,100/-N4,N4/100)+1)-1)/IF(N4<0,100/-N4,N4/100)) -> 0.24582101
A5: Georgia | B5: 9.5 | C5: -180 | D5: 150 | E5: =Win_Probabilities!E5 -> 9.9177097 | F5: =SUMPRODUCT((Win_Probabilities!$F$1:$S$1<>"")*(COLUMN(Win_Probabilities!$F$1:$S$1)-COLUMN(Win_Probabilities!$F$1)>$B5)*Win_Probabilities!$F5:$S5) -> 0.65380909 | G5: =IF(C5<0,-C5/(-C5+100),100/(C5+100)) -> 0.64285714 | H5: =IF(D5<0,-D5/(-D5+100),100/(D5+100)) -> 0.4 | I5: =G5+H5-1 -> 0.042857143 | J5: =G5/(G5+H5) -> 0.61643836 | K5: =F5-J5 -> 0.037370733 | L5: =IF(K5>0,"OVER","UNDER") -> OVER | M5: =IF(K5>0,F5,1-F5) -> 0.65380909 | N5: =IF(K5>0,C5,D5) -> -180 | O5: =M5*IF(N5<0,10000/-N5,N5)-(1-M5)*100 -> 1.7036361 | P5: =MAX(0,(M5*(IF(N5<0,100/-N5,N5/100)+1)-1)/IF(N5<0,100/-N5,N5/100)) -> 0.03066545
A6: Indiana | B6: 10.5 | C6: 105 | D6: -125 | E6: =Win_Probabilities!E6 -> 9.9767659 | F6: =SUMPRODUCT((Win_Probabilities!$F$1:$S$1<>"")*(COLUMN(Win_Probabilities!$F$1:$S$1)-COLUMN(Win_Probabilities!$F$1)>$B6)*Win_Probabilities!$F6:$S6) -> 0.34161595 | G6: =IF(C6<0,-C6/(-C6+100),100/(C6+100)) -> 0.48780488 | H6: =IF(D6<0,-D6/(-D6+100),100/(D6+100)) -> 0.55555556 | I6: =G6+H6-1 -> 0.043360434 | J6: =G6/(G6+H6) -> 0.46753247 | K6: =F6-J6 -> -0.12591652 | L6: =IF(K6>0,"OVER","UNDER") -> UNDER | M6: =IF(K6>0,F6,1-F6) -> 0.65838405 | N6: =IF(K6>0,C6,D6) -> -125 | O6: =M6*IF(N6<0,10000/-N6,N6)-(1-M6)*100 -> 18.50913 | P6: =MAX(0,(M6*(IF(N6<0,100/-N6,N6/100)+1)-1)/IF(N6<0,100/-N6,N6/100)) -> 0.23136412
A7: Texas | B7: 9.5 | C7: 120 | D7: -142 | E7: =Win_Probabilities!E7 -> 8.2406365 | F7: =SUMPRODUCT((Win_Probabilities!$F$1:$S$1<>"")*(COLUMN(Win_Probabilities!$F$1:$S$1)-COLUMN(Win_Probabilities!$F$1)>$B7)*Win_Probabilities!$F7:$S7) -> 0.19421941 | G7: =IF(C7<0,-C7/(-C7+100),100/(C7+100)) -> 0.45454545 | H7: =IF(D7<0,-D7/(-D7+100),100/(D7+100)) -> 0.58677686 | I7: =G7+H7-1 -> 0.041322314 | J7: =G7/(G7+H7) -> 0.43650794 | K7: =F7-J7 -> -0.24228853 | L7: =IF(K7>0,"OVER","UNDER") -> UNDER | M7: =IF(K7>0,F7,1-F7) -> 0.80578059 | N7: =IF(K7>0,C7,D7) -> -142 | O7: =M7*IF(N7<0,10000/-N7,N7)-(1-M7)*100 -> 37.323171 | P7: =MAX(0,(M7*(IF(N7<0,100/-N7,N7/100)+1)-1)/IF(N7<0,100/-N7,N7/100)) -> 0.52998903
A8: Miami | B8: 10.5 | C8: -110 | D8: -110 | E8: =Win_Probabilities!E8 -> 9.9583102 | F8: =SUMPRODUCT((Win_Probabilities!$F$1:$S$1<>"")*(COLUMN(Win_Probabilities!$F$1:$S$1)-COLUMN(Win_Probabilities!$F$1)>$B8)*Win_Probabilities!$F8:$S8) -> 0.33987073 | G8: =IF(C8<0,-C8/(-C8+100),100/(C8+100)) -> 0.52380952 | H8: =IF(D8<0,-D8/(-D8+100),100/(D8+100)) -> 0.52380952 | I8: =G8+H8-1 -> 0.047619048 | J8: =G8/(G8+H8) -> 0.5 | K8: =F8-J8 -> -0.16012927 | L8: =IF(K8>0,"OVER","UNDER") -> UNDER | M8: =IF(K8>0,F8,1-F8) -> 0.66012927 | N8: =IF(K8>0,C8,D8) -> -110 | O8: =M8*IF(N8<0,10000/-N8,N8)-(1-M8)*100 -> 26.02468 | P8: =MAX(0,(M8*(IF(N8<0,100/-N8,N8/100)+1)-1)/IF(N8<0,100/-N8,N8/100)) -> 0.28627148
A9: Texas Tech | B9: 10.5 | C9: -200 | D9: 160 | E9: =Win_Probabilities!E9 -> 10.610496 | F9: =SUMPRODUCT((Win_Probabilities!$F$1:$S$1<>"")*(COLUMN(Win_Probabilities!$F$1:$S$1)-COLUMN(Win_Probabilities!$F$1)>$B9)*Win_Probabilities!$F9:$S9) -> 0.5843814 | G9: =IF(C9<0,-C9/(-C9+100),100/(C9+100)) -> 0.66666667 | H9: =IF(D9<0,-D9/(-D9+100),100/(D9+100)) -> 0.38461538 | I9: =G9+H9-1 -> 0.051282051 | J9: =G9/(G9+H9) -> 0.63414634 | K9: =F9-J9 -> -0.049764938 | L9: =IF(K9>0,"OVER","UNDER") -> UNDER | M9: =IF(K9>0,F9,1-F9) -> 0.4156186 | N9: =IF(K9>0,C9,D9) -> 160 | O9: =M9*IF(N9<0,10000/-N9,N9)-(1-M9)*100 -> 8.0608351 | P9: =MAX(0,(M9*(IF(N9<0,100/-N9,N9/100)+1)-1)/IF(N9<0,100/-N9,N9/100)) -> 0.05038022
A10: Texas A&M | B10: 8.5 | C10: 100 | D10: -120 | E10: =Win_Probabilities!E10 -> 8.4507633 | F10: =SUMPRODUCT((Win_Probabilities!$F$1:$S$1<>"")*(COLUMN(Win_Probabilities!$F$1:$S$1)-COLUMN(Win_Probabilities!$F$1)>$B10)*Win_Probabilities!$F10:$S10) -> 0.49573644 | G10: =IF(C10<0,-C10/(-C10+100),100/(C10+100)) -> 0.5 | H10: =IF(D10<0,-D10/(-D10+100),100/(D10+100)) -> 0.54545455 | I10: =G10+H10-1 -> 0.045454545 | J10: =G10/(G10+H10) -> 0.47826087 | K10: =F10-J10 -> 0.017475574 | L10: =IF(K10>0,"OVER","UNDER") -> OVER | M10: =IF(K10>0,F10,1-F10) -> 0.49573644 | N10: =IF(K10>0,C10,D10) -> 100 | O10: =M10*IF(N10<0,10000/-N10,N10)-(1-M10)*100 -> -0.85271137 | P10: =MAX(0,(M10*(IF(N10<0,100/-N10,N10/100)+1)-1)/IF(N10<0,100/-N10,N10/100)) -> 0
A11: LSU | B11: 8.5 | C11: -115 | D11: -105 | E11: =Win_Probabilities!E11 -> 8.5305373 | F11: =SUMPRODUCT((Win_Probabilities!$F$1:$S$1<>"")*(COLUMN(Win_Probabilities!$F$1:$S$1)-COLUMN(Win_Probabilities!$F$1)>$B11)*Win_Probabilities!$F11:$S11) -> 0.52083025 | G11: =IF(C11<0,-C11/(-C11+100),100/(C11+100)) -> 0.53488372 | H11: =IF(D11<0,-D11/(-D11+100),100/(D11+100)) -> 0.51219512 | I11: =G11+H11-1 -> 0.047078843 | J11: =G11/(G11+H11) -> 0.51083424 | K11: =F11-J11 -> 0.0099960127 | L11: =IF(K11>0,"OVER","UNDER") -> OVER | M11: =IF(K11>0,F11,1-F11) -> 0.52083025 | N11: =IF(K11>0,C11,D11) -> -115 | O11: =M11*IF(N11<0,10000/-N11,N11)-(1-M11)*100 -> -2.6273882 | P11: =MAX(0,(M11*(IF(N11<0,100/-N11,N11/100)+1)-1)/IF(N11<0,100/-N11,N11/100)) -> 0
A12: Oklahoma | B12: 7.5 | C12: -148 | D12: 124 | E12: =Win_Probabilities!E12 -> 7.5417647 | F12: =SUMPRODUCT((Win_Probabilities!$F$1:$S$1<>"")*(COLUMN(Win_Probabilities!$F$1:$S$1)-COLUMN(Win_Probabilities!$F$1)>$B12)*Win_Probabilities!$F12:$S12) -> 0.51653686 | G12: =IF(C12<0,-C12/(-C12+100),100/(C12+100)) -> 0.59677419 | H12: =IF(D12<0,-D12/(-D12+100),100/(D12+100)) -> 0.44642857 | I12: =G12+H12-1 -> 0.043202765 | J12: =G12/(G12+H12) -> 0.57205964 | K12: =F12-J12 -> -0.055522773 | L12: =IF(K12>0,"OVER","UNDER") -> UNDER | M12: =IF(K12>0,F12,1-F12) -> 0.48346314 | N12: =IF(K12>0,C12,D12) -> 124 | O12: =M12*IF(N12<0,10000/-N12,N12)-(1-M12)*100 -> 8.2957428 | P12: =MAX(0,(M12*(IF(N12<0,100/-N12,N12/100)+1)-1)/IF(N12<0,100/-N12,N12/100)) -> 0.066901152
A13: USC | B13: 8.5 | C13: 115 | D13: -136 | E13: =Win_Probabilities!E13 -> 7.8136586 | F13: =SUMPRODUCT((Win_Probabilities!$F$1:$S$1<>"")*(COLUMN(Win_Probabilities!$F$1:$S$1)-COLUMN(Win_Probabilities!$F$1)>$B13)*Win_Probabilities!$F13:$S13) -> 0.3095812 | G13: =IF(C13<0,-C13/(-C13+100),100/(C13+100)) -> 0.46511628 | H13: =IF(D13<0,-D13/(-D13+100),100/(D13+100)) -> 0.57627119 | I13: =G13+H13-1 -> 0.041387466 | J13: =G13/(G13+H13) -> 0.44663134 | K13: =F13-J13 -> -0.13705014 | L13: =IF(K13>0,"OVER","UNDER") -> UNDER | M13: =IF(K13>0,F13,1-F13) -> 0.6904188 | N13: =IF(K13>0,C13,D13) -> -136 | O13: =M13*IF(N13<0,10000/-N13,N13)-(1-M13)*100 -> 19.807967 | P13: =MAX(0,(M13*(IF(N13<0,100/-N13,N13/100)+1)-1)/IF(N13<0,100/-N13,N13/100)) -> 0.26938836
... A75: USF | B75: 8.5 | C75: 115 | D75: -145 | E75: =Win_Probabilities!E75 -> 8.1261067 | F75: =SUMPRODUCT((Win_Probabilities!$F$1:$S$1<>"")*(COLUMN(Win_Probabilities!$F$1:$S$1)-COLUMN(Win_Probabilities!$F$1)>$B75)*Win_Probabilities!$F75:$S75) -> 0.40827216 | G75: =IF(C75<0,-C75/(-C75+100),100/(C75+100)) -> 0.46511628 | H75: =IF(D75<0,-D75/(-D75+100),100/(D75+100)) -> 0.59183673 | I75: =G75+H75-1 -> 0.056953014 | J75: =G75/(G75+H75) -> 0.44005388 | K75: =F75-J75 -> -0.031781721 | L75: =IF(K75>0,"OVER","UNDER") -> UNDER | M75: =IF(K75>0,F75,1-F75) -> 0.59172784 | N75: =IF(K75>0,C75,D75) -> -145 | O75: =M75*IF(N75<0,10000/-N75,N75)-(1-M75)*100 -> -0.018400023 | P75: =MAX(0,(M75*(IF(N75<0,100/-N75,N75/100)+1)-1)/IF(N75<0,100/-N75,N75/100)) -> 0
A76: Syracuse | B76: 4.5 | C76: 105 | D76: -125 | E76: =Win_Probabilities!E77 -> 4.333179 | F76: =SUMPRODUCT((Win_Probabilities!$F$1:$S$1<>"")*(COLUMN(Win_Probabilities!$F$1:$S$1)-COLUMN(Win_Probabilities!$F$1)>$B76)*Win_Probabilities!$F77:$S77) -> 0.4402736 | G76: =IF(C76<0,-C76/(-C76+100),100/(C76+100)) -> 0.48780488 | H76: =IF(D76<0,-D76/(-D76+100),100/(D76+100)) -> 0.55555556 | I76: =G76+H76-1 -> 0.043360434 | J76: =G76/(G76+H76) -> 0.46753247 | K76: =F76-J76 -> -0.02725887 | L76: =IF(K76>0,"OVER","UNDER") -> UNDER | M76: =IF(K76>0,F76,1-F76) -> 0.5597264 | N76: =IF(K76>0,C76,D76) -> -125 | O76: =M76*IF(N76<0,10000/-N76,N76)-(1-M76)*100 -> 0.75075245 | P76: =MAX(0,(M76*(IF(N76<0,100/-N76,N76/100)+1)-1)/IF(N76<0,100/-N76,N76/100)) -> 0.0093844056
A77: Texas St. | B77: 6.5 | C77: 130 | D77: -165 | E77: =Win_Probabilities!E78 -> 6.7935671 | F77: =SUMPRODUCT((Win_Probabilities!$F$1:$S$1<>"")*(COLUMN(Win_Probabilities!$F$1:$S$1)-COLUMN(Win_Probabilities!$F$1)>$B77)*Win_Probabilities!$F78:$S78) -> 0.58306311 | G77: =IF(C77<0,-C77/(-C77+100),100/(C77+100)) -> 0.43478261 | H77: =IF(D77<0,-D77/(-D77+100),100/(D77+100)) -> 0.62264151 | I77: =G77+H77-1 -> 0.057424118 | J77: =G77/(G77+H77) -> 0.41117145 | K77: =F77-J77 -> 0.17189166 | L77: =IF(K77>0,"OVER","UNDER") -> OVER | M77: =IF(K77>0,F77,1-F77) -> 0.58306311 | N77: =IF(K77>0,C77,D77) -> 130 | O77: =M77*IF(N77<0,10000/-N77,N77)-(1-M77)*100 -> 34.104515 | P77: =MAX(0,(M77*(IF(N77<0,100/-N77,N77/100)+1)-1)/IF(N77<0,100/-N77,N77/100)) -> 0.26234242
A78: Purdue | B78: 3.5 | C78: 100 | D78: -120 | E78: =Win_Probabilities!E79 -> 3.3502003 | F78: =SUMPRODUCT((Win_Probabilities!$F$1:$S$1<>"")*(COLUMN(Win_Probabilities!$F$1:$S$1)-COLUMN(Win_Probabilities!$F$1)>$B78)*Win_Probabilities!$F79:$S79) -> 0.43754277 | G78: =IF(C78<0,-C78/(-C78+100),100/(C78+100)) -> 0.5 | H78: =IF(D78<0,-D78/(-D78+100),100/(D78+100)) -> 0.54545455 | I78: =G78+H78-1 -> 0.045454545 | J78: =G78/(G78+H78) -> 0.47826087 | K78: =F78-J78 -> -0.040718096 | L78: =IF(K78>0,"OVER","UNDER") -> UNDER | M78: =IF(K78>0,F78,1-F78) -> 0.56245723 | N78: =IF(K78>0,C78,D78) -> -120 | O78: =M78*IF(N78<0,10000/-N78,N78)-(1-M78)*100 -> 3.1171582 | P78: =MAX(0,(M78*(IF(N78<0,100/-N78,N78/100)+1)-1)/IF(N78<0,100/-N78,N78/100)) -> 0.037405899
A79: Stanford | B79: 3.5 | C79: -110 | D79: -110 | E79: =Win_Probabilities!E80 -> 3.8215696 | F79: =SUMPRODUCT((Win_Probabilities!$F$1:$S$1<>"")*(COLUMN(Win_Probabilities!$F$1:$S$1)-COLUMN(Win_Probabilities!$F$1)>$B79)*Win_Probabilities!$F80:$S80) -> 0.57441054 | G79: =IF(C79<0,-C79/(-C79+100),100/(C79+100)) -> 0.52380952 | H79: =IF(D79<0,-D79/(-D79+100),100/(D79+100)) -> 0.52380952 | I79: =G79+H79-1 -> 0.047619048 | J79: =G79/(G79+H79) -> 0.5 | K79: =F79-J79 -> 0.074410541 | L79: =IF(K79>0,"OVER","UNDER") -> OVER | M79: =IF(K79>0,F79,1-F79) -> 0.57441054 | N79: =IF(K79>0,C79,D79) -> -110 | O79: =M79*IF(N79<0,10000/-N79,N79)-(1-M79)*100 -> 9.6601942 | P79: =MAX(0,(M79*(IF(N79<0,100/-N79,N79/100)+1)-1)/IF(N79<0,100/-N79,N79/100)) -> 0.10626214
A80: ECU | B80: 7.5 | C80: -105 | D80: -125 | E80: =Win_Probabilities!E81 -> 7.6570945 | F80: =SUMPRODUCT((Win_Probabilities!$F$1:$S$1<>"")*(COLUMN(Win_Probabilities!$F$1:$S$1)-COLUMN(Win_Probabilities!$F$1)>$B80)*Win_Probabilities!$F81:$S81) -> 0.55357447 | G80: =IF(C80<0,-C80/(-C80+100),100/(C80+100)) -> 0.51219512 | H80: =IF(D80<0,-D80/(-D80+100),100/(D80+100)) -> 0.55555556 | I80: =G80+H80-1 -> 0.067750678 | J80: =G80/(G80+H80) -> 0.47969543 | K80: =F80-J80 -> 0.073879039 | L80: =IF(K80>0,"OVER","UNDER") -> OVER | M80: =IF(K80>0,F80,1-F80) -> 0.55357447 | N80: =IF(K80>0,C80,D80) -> -105 | O80: =M80*IF(N80<0,10000/-N80,N80)-(1-M80)*100 -> 8.0788252 | P80: =MAX(0,(M80*(IF(N80<0,100/-N80,N80/100)+1)-1)/IF(N80<0,100/-N80,N80/100)) -> 0.084827664
A81: Army | B81: 7.5 | C81: -145 | D81: 115 | E81: =Win_Probabilities!E82 -> 7.1565272 | F81: =SUMPRODUCT((Win_Probabilities!$F$1:$S$1<>"")*(COLUMN(Win_Probabilities!$F$1:$S$1)-COLUMN(Win_Probabilities!$F$1)>$B81)*Win_Probabilities!$F82:$S82) -> 0.42218234 | G81: =IF(C81<0,-C81/(-C81+100),100/(C81+100)) -> 0.59183673 | H81: =IF(D81<0,-D81/(-D81+100),100/(D81+100)) -> 0.46511628 | I81: =G81+H81-1 -> 0.056953014 | J81: =G81/(G81+H81) -> 0.55994612 | K81: =F81-J81 -> -0.13776377 | L81: =IF(K81>0,"OVER","UNDER") -> UNDER | M81: =IF(K81>0,F81,1-F81) -> 0.57781766 | N81: =IF(K81>0,C81,D81) -> 115 | O81: =M81*IF(N81<0,10000/-N81,N81)-(1-M81)*100 -> 24.230796 | P81: =MAX(0,(M81*(IF(N81<0,100/-N81,N81/100)+1)-1)/IF(N81<0,100/-N81,N81/100)) -> 0.21070257
A82: Boston Coll. | B82: 3.5 | C82: 120 | D82: -155 | E82: =Win_Probabilities!E83 -> 3.8806511 | F82: =SUMPRODUCT((Win_Probabilities!$F$1:$S$1<>"")*(COLUMN(Win_Probabilities!$F$1:$S$1)-COLUMN(Win_Probabilities!$F$1)>$B82)*Win_Probabilities!$F83:$S83) -> 0.59224398 | G82: =IF(C82<0,-C82/(-C82+100),100/(C82+100)) -> 0.45454545 | H82: =IF(D82<0,-D82/(-D82+100),100/(D82+100)) -> 0.60784314 | I82: =G82+H82-1 -> 0.062388592 | J82: =G82/(G82+H82) -> 0.42785235 | K82: =F82-J82 -> 0.16439164 | L82: =IF(K82>0,"OVER","UNDER") -> OVER | M82: =IF(K82>0,F82,1-F82) -> 0.59224398 | N82: =IF(K82>0,C82,D82) -> 120 | O82: =M82*IF(N82<0,10000/-N82,N82)-(1-M82)*100 -> 30.293677 | P82: =MAX(0,(M82*(IF(N82<0,100/-N82,N82/100)+1)-1)/IF(N82<0,100/-N82,N82/100)) -> 0.2524473
A83: Hawaii | B83: 7.5 | C83: 120 | D83: -150 | E83: =Win_Probabilities!E84 -> 7.6694187 | F83: =SUMPRODUCT((Win_Probabilities!$F$1:$S$1<>"")*(COLUMN(Win_Probabilities!$F$1:$S$1)-COLUMN(Win_Probabilities!$F$1)>$B83)*Win_Probabilities!$F84:$S84) -> 0.55267404 | G83: =IF(C83<0,-C83/(-C83+100),100/(C83+100)) -> 0.45454545 | H83: =IF(D83<0,-D83/(-D83+100),100/(D83+100)) -> 0.6 | I83: =G83+H83-1 -> 0.054545455 | J83: =G83/(G83+H83) -> 0.43103448 | K83: =F83-J83 -> 0.12163956 | L83: =IF(K83>0,"OVER","UNDER") -> OVER | M83: =IF(K83>0,F83,1-F83) -> 0.55267404 | N83: =IF(K83>0,C83,D83) -> 120 | O83: =M83*IF(N83<0,10000/-N83,N83)-(1-M83)*100 -> 21.588288 | P83: =MAX(0,(M83*(IF(N83<0,100/-N83,N83/100)+1)-1)/IF(N83<0,100/-N83,N83/100)) -> 0.1799024
A84: Air Force | B84: 7.5 | C84: 125 | D84: -160 | E84: =Win_Probabilities!E85 -> 7.6462592 | F84: =SUMPRODUCT((Win_Probabilities!$F$1:$S$1<>"")*(COLUMN(Win_Probabilities!$F$1:$S$1)-COLUMN(Win_Probabilities!$F$1)>$B84)*Win_Probabilities!$F85:$S85) -> 0.54471709 | G84: =IF(C84<0,-C84/(-C84+100),100/(C84+100)) -> 0.44444444 | H84: =IF(D84<0,-D84/(-D84+100),100/(D84+100)) -> 0.61538462 | I84: =G84+H84-1 -> 0.05982906 | J84: =G84/(G84+H84) -> 0.41935484 | K84: =F84-J84 -> 0.12536226 | L84: =IF(K84>0,"OVER","UNDER") -> OVER | M84: =IF(K84>0,F84,1-F84) -> 0.54471709 | N84: =IF(K84>0,C84,D84) -> 125 | O84: =M84*IF(N84<0,10000/-N84,N84)-(1-M84)*100 -> 22.561346 | P84: =MAX(0,(M84*(IF(N84<0,100/-N84,N84/100)+1)-1)/IF(N84<0,100/-N84,N84/100)) -> 0.18049077
A85: Miami-OH | B85: 7.5 | C85: 110 | D85: -145 | E85: =Win_Probabilities!E86 -> 8.4678167 | F85: =SUMPRODUCT((Win_Probabilities!$F$1:$S$1<>"")*(COLUMN(Win_Probabilities!$F$1:$S$1)-COLUMN(Win_Probabilities!$F$1)>$B85)*Win_Probabilities!$F86:$S86) -> 0.76945139 | G85: =IF(C85<0,-C85/(-C85+100),100/(C85+100)) -> 0.47619048 | H85: =IF(D85<0,-D85/(-D85+100),100/(D85+100)) -> 0.59183673 | I85: =G85+H85-1 -> 0.068027211 | J85: =G85/(G85+H85) -> 0.44585987 | K85: =F85-J85 -> 0.32359151 | L85: =IF(K85>0,"OVER","UNDER") -> OVER | M85: =IF(K85>0,F85,1-F85) -> 0.76945139 | N85: =IF(K85>0,C85,D85) -> 110 | O85: =M85*IF(N85<0,10000/-N85,N85)-(1-M85)*100 -> 61.584791 | P85: =MAX(0,(M85*(IF(N85<0,100/-N85,N85/100)+1)-1)/IF(N85<0,100/-N85,N85/100)) -> 0.55986174
A86: Wash. St. | B86: 4.5 | C86: -166 | D86: 130 | E86: =Win_Probabilities!E87 -> 5.3219415 | F86: =SUMPRODUCT((Win_Probabilities!$F$1:$S$1<>"")*(COLUMN(Win_Probabilities!$F$1:$S$1)-COLUMN(Win_Probabilities!$F$1)>$B86)*Win_Probabilities!$F87:$S87) -> 0.70404422 | G86: =IF(C86<0,-C86/(-C86+100),100/(C86+100)) -> 0.62406015 | H86: =IF(D86<0,-D86/(-D86+100),100/(D86+100)) -> 0.43478261 | I86: =G86+H86-1 -> 0.058842759 | J86: =G86/(G86+H86) -> 0.58937944 | K86: =F86-J86 -> 0.11466478 | L86: =IF(K86>0,"OVER","UNDER") -> OVER | M86: =IF(K86>0,F86,1-F86) -> 0.70404422 | N86: =IF(K86>0,C86,D86) -> -166 | O86: =M86*IF(N86<0,10000/-N86,N86)-(1-M86)*100 -> 12.816724 | P86: =MAX(0,(M86*(IF(N86<0,100/-N86,N86/100)+1)-1)/IF(N86<0,100/-N86,N86/100)) -> 0.21275762
A87: Tulane | B87: 7.5 | C87: 120 | D87: -150 | E87: =Win_Probabilities!E88 -> 6.6425945 | F87: =SUMPRODUCT((Win_Probabilities!$F$1:$S$1<>"")*(COLUMN(Win_Probabilities!$F$1:$S$1)-COLUMN(Win_Probabilities!$F$1)>$B87)*Win_Probabilities!$F88:$S88) -> 0.28695003 | G87: =IF(C87<0,-C87/(-C87+100),100/(C87+100)) -> 0.45454545 | H87: =IF(D87<0,-D87/(-D87+100),100/(D87+100)) -> 0.6 | I87: =G87+H87-1 -> 0.054545455 | J87: =G87/(G87+H87) -> 0.43103448 | K87: =F87-J87 -> -0.14408445 | L87: =IF(K87>0,"OVER","UNDER") -> UNDER | M87: =IF(K87>0,F87,1-F87) -> 0.71304997 | N87: =IF(K87>0,C87,D87) -> -150 | O87: =M87*IF(N87<0,10000/-N87,N87)-(1-M87)*100 -> 18.841661 | P87: =MAX(0,(M87*(IF(N87<0,100/-N87,N87/100)+1)-1)/IF(N87<0,100/-N87,N87/100)) -> 0.28262491
... A138: UMass | B138: 2.5 | C138: -150 | D138: 115 | E138: =Win_Probabilities!E139 -> 3.283195 | F138: =SUMPRODUCT((Win_Probabilities!$F$1:$S$1<>"")*(COLUMN(Win_Probabilities!$F$1:$S$1)-COLUMN(Win_Probabilities!$F$1)>$B138)*Win_Probabilities!$F139:$S139) -> 0.74971869 | G138: =IF(C138<0,-C138/(-C138+100),100/(C138+100)) -> 0.6 | H138: =IF(D138<0,-D138/(-D138+100),100/(D138+100)) -> 0.46511628 | I138: =G138+H138-1 -> 0.065116279 | J138: =G138/(G138+H138) -> 0.56331878 | K138: =F138-J138 -> 0.18639991 | L138: =IF(K138>0,"OVER","UNDER") -> OVER | M138: =IF(K138>0,F138,1-F138) -> 0.74971869 | N138: =IF(K138>0,C138,D138) -> -150 | O138: =M138*IF(N138<0,10000/-N138,N138)-(1-M138)*100 -> 24.953114 | P138: =MAX(0,(M138*(IF(N138<0,100/-N138,N138/100)+1)-1)/IF(N138<0,100/-N138,N138/100)) -> 0.37429671
A140: NDSU has no posted win total (first-year FBS transition) and is excluded.
A141: Lines are BLUE/YELLOW inputs - edit any line or price and every figure recalculates.

Sheet Book_Shop
A1: Per-book OVER lines & prices (VegasInsider, updated Aug 17 2026). UNDER prices are not published on that page, so only OVER bets can be priced here. Blue/yellow cells are inputs.
A2: Team | B2: Model Exp W | C2: BetMGM Line | D2: BetMGM Over | E2: BetMGM ModelP | F2: BetMGM EV/$100 | G2: DraftKings Line | H2: DraftKings Over | I2: DraftKings ModelP | J2: DraftKings EV/$100 | K2: FanDuel Line | L2: FanDuel Over | M2: FanDuel ModelP | N2: FanDuel EV/$100 | O2: RiversCasino Line | P2: RiversCasino Over | Q2: RiversCasino ModelP | R2: RiversCasino EV/$100 | S2: Best Book (Over) | T2: Best EV | U2: Line Spread
A3: Ohio St. | B3: =Win_Probabilities!E2 -> 10.205967 | C3: 9.5 | D3: -175 | E3: =IF(C3="","",SUMPRODUCT((COLUMN(Win_Probabilities!$F$1:$S$1)-COLUMN(Win_Probabilities!$F$1)>C3)*Win_Probabilities!$F2:$S2)) -> 0.74659984 | F3: =E3*IF(D3<0,10000/-D3,D3)-(1-E3)*100 -> 17.322831 | G3: 9.5 | H3: -180 | I3: =IF(G3="","",SUMPRODUCT((COLUMN(Win_Probabilities!$F$1:$S$1)-COLUMN(Win_Probabilities!$F$1)>G3)*Win_Probabilities!$F2:$S2)) -> 0.74659984 | J3: =I3*IF(H3<0,10000/-H3,H3)-(1-I3)*100 -> 16.137752 | K3: 9.5 | L3: -168 | M3: =IF(K3="","",SUMPRODUCT((COLUMN(Win_Probabilities!$F$1:$S$1)-COLUMN(Win_Probabilities!$F$1)>K3)*Win_Probabilities!$F2:$S2)) -> 0.74659984 | N3: =M3*IF(L3<0,10000/-L3,L3)-(1-M3)*100 -> 19.10045 | O3: 9.5 | P3: -195 | Q3: =IF(O3="","",SUMPRODUCT((COLUMN(Win_Probabilities!$F$1:$S$1)-COLUMN(Win_Probabilities!$F$1)>O3)*Win_Probabilities!$F2:$S2)) -> 0.74659984 | R3: =Q3*IF(P3<0,10000/-P3,P3)-(1-Q3)*100 -> 12.947155 | S3: =IF(F3=MAX(F3,J3,N3,R3),"BetMGM",IF(J3=MAX(F3,J3,N3,R3),"DraftKings",IF(N3=MAX(F3,J3,N3,R3),"FanDuel",IF(R3=MAX(F3,J3,N3,R3),"RiversCasino","")))) -> FanDuel | T3: =MAX(F3,J3,N3,R3) -> 19.10045 | U3: =MAX(C3,G3,K3,O3)-MIN(C3,G3,K3,O3) -> 0
A4: Oregon | B4: =Win_Probabilities!E3 -> 10.175094 | C4: 10.5 | D4: 100 | E4: =IF(C4="","",SUMPRODUCT((COLUMN(Win_Probabilities!$F$1:$S$1)-COLUMN(Win_Probabilities!$F$1)>C4)*Win_Probabilities!$F3:$S3)) -> 0.4133802 | F4: =E4*IF(D4<0,10000/-D4,D4)-(1-E4)*100 -> -17.32396 | G4: 10.5 | H4: 100 | I4: =IF(G4="","",SUMPRODUCT((COLUMN(Win_Probabilities!$F$1:$S$1)-COLUMN(Win_Probabilities!$F$1)>G4)*Win_Probabilities!$F3:$S3)) -> 0.4133802 | J4: =I4*IF(H4<0,10000/-H4,H4)-(1-I4)*100 -> -17.32396 | K4: 10.5 | L4: 110 | M4: =IF(K4="","",SUMPRODUCT((COLUMN(Win_Probabilities!$F$1:$S$1)-COLUMN(Win_Probabilities!$F$1)>K4)*Win_Probabilities!$F3:$S3)) -> 0.4133802 | N4: =M4*IF(L4<0,10000/-L4,L4)-(1-M4)*100 -> -13.190158 | O4: 10.5 | P4: 105 | Q4: =IF(O4="","",SUMPRODUCT((COLUMN(Win_Probabilities!$F$1:$S$1)-COLUMN(Win_Probabilities!$F$1)>O4)*Win_Probabilities!$F3:$S3)) -> 0.4133802 | R4: =Q4*IF(P4<0,10000/-P4,P4)-(1-Q4)*100 -> -15.257059 | S4: =IF(F4=MAX(F4,J4,N4,R4),"BetMGM",IF(J4=MAX(F4,J4,N4,R4),"DraftKings",IF(N4=MAX(F4,J4,N4,R4),"FanDuel",IF(R4=MAX(F4,J4,N4,R4),"RiversCasino","")))) -> FanDuel | T4: =MAX(F4,J4,N4,R4) -> -13.190158 | U4: =MAX(C4,G4,K4,O4)-MIN(C4,G4,K4,O4) -> 0
A5: Notre Dame | B5: =Win_Probabilities!E4 -> 10.800983 | C5: 11.5 | D5: 150 | E5: =IF(C5="","",SUMPRODUCT((COLUMN(Win_Probabilities!$F$1:$S$1)-COLUMN(Win_Probabilities!$F$1)>C5)*Win_Probabilities!$F4:$S4)) -> 0.26006172 | F5: =E5*IF(D5<0,10000/-D5,D5)-(1-E5)*100 -> -34.98457 | G5: 11.5 | H5: 160 | I5: =IF(G5="","",SUMPRODUCT((COLUMN(Win_Probabilities!$F$1:$S$1)-COLUMN(Win_Probabilities!$F$1)>G5)*Win_Probabilities!$F4:$S4)) -> 0.26006172 | J5: =I5*IF(H5<0,10000/-H5,H5)-(1-I5)*100 -> -32.383953 | K5: 11.5 | L5: 164 | M5: =IF(K5="","",SUMPRODUCT((COLUMN(Win_Probabilities!$F$1:$S$1)-COLUMN(Win_Probabilities!$F$1)>K5)*Win_Probabilities!$F4:$S4)) -> 0.26006172 | N5: =M5*IF(L5<0,10000/-L5,L5)-(1-M5)*100 -> -31.343706 | O5: 11.5 | P5: 155 | Q5: =IF(O5="","",SUMPRODUCT((COLUMN(Win_Probabilities!$F$1:$S$1)-COLUMN(Win_Probabilities!$F$1)>O5)*Win_Probabilities!$F4:$S4)) -> 0.26006172 | R5: =Q5*IF(P5<0,10000/-P5,P5)-(1-Q5)*100 -> -33.684261 | S5: =IF(F5=MAX(F5,J5,N5,R5),"BetMGM",IF(J5=MAX(F5,J5,N5,R5),"DraftKings",IF(N5=MAX(F5,J5,N5,R5),"FanDuel",IF(R5=MAX(F5,J5,N5,R5),"RiversCasino","")))) -> FanDuel | T5: =MAX(F5,J5,N5,R5) -> -31.343706 | U5: =MAX(C5,G5,K5,O5)-MIN(C5,G5,K5,O5) -> 0
A6: Georgia | B6: =Win_Probabilities!E5 -> 9.9177097 | C6: 10.5 | D6: 140 | E6: =IF(C6="","",SUMPRODUCT((COLUMN(Win_Probabilities!$F$1:$S$1)-COLUMN(Win_Probabilities!$F$1)>C6)*Win_Probabilities!$F5:$S5)) -> 0.34533242 | F6: =E6*IF(D6<0,10000/-D6,D6)-(1-E6)*100 -> -17.12022 | G6: 9.5 | H6: -190 | I6: =IF(G6="","",SUMPRODUCT((COLUMN(Win_Probabilities!$F$1:$S$1)-COLUMN(Win_Probabilities!$F$1)>G6)*Win_Probabilities!$F5:$S5)) -> 0.65380909 | J6: =I6*IF(H6<0,10000/-H6,H6)-(1-I6)*100 -> -0.20808638 | K6: 10.5 | L6: 138 | M6: =IF(K6="","",SUMPRODUCT((COLUMN(Win_Probabilities!$F$1:$S$1)-COLUMN(Win_Probabilities!$F$1)>K6)*Win_Probabilities!$F5:$S5)) -> 0.34533242 | N6: =M6*IF(L6<0,10000/-L6,L6)-(1-M6)*100 -> -17.810885 | O6: 9.5 | P6: -200 | Q6: =IF(O6="","",SUMPRODUCT((COLUMN(Win_Probabilities!$F$1:$S$1)-COLUMN(Win_Probabilities!$F$1)>O6)*Win_Probabilities!$F5:$S5)) -> 0.65380909 | R6: =Q6*IF(P6<0,10000/-P6,P6)-(1-Q6)*100 -> -1.9286366 | S6: =IF(F6=MAX(F6,J6,N6,R6),"BetMGM",IF(J6=MAX(F6,J6,N6,R6),"DraftKings",IF(N6=MAX(F6,J6,N6,R6),"FanDuel",IF(R6=MAX(F6,J6,N6,R6),"RiversCasino","")))) -> DraftKings | T6: =MAX(F6,J6,N6,R6) -> -0.20808638 | U6: =MAX(C6,G6,K6,O6)-MIN(C6,G6,K6,O6) -> 1
A7: Indiana | B7: =Win_Probabilities!E6 -> 9.9767659 | C7: 10.5 | D7: 110 | E7: =IF(C7="","",SUMPRODUCT((COLUMN(Win_Probabilities!$F$1:$S$1)-COLUMN(Win_Probabilities!$F$1)>C7)*Win_Probabilities!$F6:$S6)) -> 0.34161595 | F7: =E7*IF(D7<0,10000/-D7,D7)-(1-E7)*100 -> -28.260651 | G7: 10.5 | H7: 105 | I7: =IF(G7="","",SUMPRODUCT((COLUMN(Win_Probabilities!$F$1:$S$1)-COLUMN(Win_Probabilities!$F$1)>G7)*Win_Probabilities!$F6:$S6)) -> 0.34161595 | J7: =I7*IF(H7<0,10000/-H7,H7)-(1-I7)*100 -> -29.968731 | K7: 10.5 | L7: -104 | M7: =IF(K7="","",SUMPRODUCT((COLUMN(Win_Probabilities!$F$1:$S$1)-COLUMN(Win_Probabilities!$F$1)>K7)*Win_Probabilities!$F6:$S6)) -> 0.34161595 | N7: =M7*IF(L7<0,10000/-L7,L7)-(1-M7)*100 -> -32.990718 | O7: 10.5 | P7: 100 | Q7: =IF(O7="","",SUMPRODUCT((COLUMN(Win_Probabilities!$F$1:$S$1)-COLUMN(Win_Probabilities!$F$1)>O7)*Win_Probabilities!$F6:$S6)) -> 0.34161595 | R7: =Q7*IF(P7<0,10000/-P7,P7)-(1-Q7)*100 -> -31.676811 | S7: =IF(F7=MAX(F7,J7,N7,R7),"BetMGM",IF(J7=MAX(F7,J7,N7,R7),"DraftKings",IF(N7=MAX(F7,J7,N7,R7),"FanDuel",IF(R7=MAX(F7,J7,N7,R7),"RiversCasino","")))) -> BetMGM | T7: =MAX(F7,J7,N7,R7) -> -28.260651 | U7: =MAX(C7,G7,K7,O7)-MIN(C7,G7,K7,O7) -> 0
A8: Texas | B8: =Win_Probabilities!E7 -> 8.2406365 | C8: 9.5 | D8: 115 | E8: =IF(C8="","",SUMPRODUCT((COLUMN(Win_Probabilities!$F$1:$S$1)-COLUMN(Win_Probabilities!$F$1)>C8)*Win_Probabilities!$F7:$S7)) -> 0.19421941 | F8: =E8*IF(D8<0,10000/-D8,D8)-(1-E8)*100 -> -58.242827 | G8: 9.5 | H8: 120 | I8: =IF(G8="","",SUMPRODUCT((COLUMN(Win_Probabilities!$F$1:$S$1)-COLUMN(Win_Probabilities!$F$1)>G8)*Win_Probabilities!$F7:$S7)) -> 0.19421941 | J8: =I8*IF(H8<0,10000/-H8,H8)-(1-I8)*100 -> -57.27173 | K8: 9.5 | L8: 120 | M8: =IF(K8="","",SUMPRODUCT((COLUMN(Win_Probabilities!$F$1:$S$1)-COLUMN(Win_Probabilities!$F$1)>K8)*Win_Probabilities!$F7:$S7)) -> 0.19421941 | N8: =M8*IF(L8<0,10000/-L8,L8)-(1-M8)*100 -> -57.27173 | O8: 9.5 | P8: 108 | Q8: =IF(O8="","",SUMPRODUCT((COLUMN(Win_Probabilities!$F$1:$S$1)-COLUMN(Win_Probabilities!$F$1)>O8)*Win_Probabilities!$F7:$S7)) -> 0.19421941 | R8: =Q8*IF(P8<0,10000/-P8,P8)-(1-Q8)*100 -> -59.602363 | S8: =IF(F8=MAX(F8,J8,N8,R8),"BetMGM",IF(J8=MAX(F8,J8,N8,R8),"DraftKings",IF(N8=MAX(F8,J8,N8,R8),"FanDuel",IF(R8=MAX(F8,J8,N8,R8),"RiversCasino","")))) -> DraftKings | T8: =MAX(F8,J8,N8,R8) -> -57.27173 | U8: =MAX(C8,G8,K8,O8)-MIN(C8,G8,K8,O8) -> 0
A9: Miami | B9: =Win_Probabilities!E8 -> 9.9583102 | C9: 10.5 | D9: -125 | E9: =IF(C9="","",SUMPRODUCT((COLUMN(Win_Probabilities!$F$1:$S$1)-COLUMN(Win_Probabilities!$F$1)>C9)*Win_Probabilities!$F8:$S8)) -> 0.33987073 | F9: =E9*IF(D9<0,10000/-D9,D9)-(1-E9)*100 -> -38.823269 | G9: 10.5 | H9: -110 | I9: =IF(G9="","",SUMPRODUCT((COLUMN(Win_Probabilities!$F$1:$S$1)-COLUMN(Win_Probabilities!$F$1)>G9)*Win_Probabilities!$F8:$S8)) -> 0.33987073 | J9: =I9*IF(H9<0,10000/-H9,H9)-(1-I9)*100 -> -35.115589 | K9: 10.5 | L9: -140 | M9: =IF(K9="","",SUMPRODUCT((COLUMN(Win_Probabilities!$F$1:$S$1)-COLUMN(Win_Probabilities!$F$1)>K9)*Win_Probabilities!$F8:$S8)) -> 0.33987073 | N9: =M9*IF(L9<0,10000/-L9,L9)-(1-M9)*100 -> -41.736447 | O9: 10.5 | P9: -125 | Q9: =IF(O9="","",SUMPRODUCT((COLUMN(Win_Probabilities!$F$1:$S$1)-COLUMN(Win_Probabilities!$F$1)>O9)*Win_Probabilities!$F8:$S8)) -> 0.33987073 | R9: =Q9*IF(P9<0,10000/-P9,P9)-(1-Q9)*100 -> -38.823269 | S9: =IF(F9=MAX(F9,J9,N9,R9),"BetMGM",IF(J9=MAX(F9,J9,N9,R9),"DraftKings",IF(N9=MAX(F9,J9,N9,R9),"FanDuel",IF(R9=MAX(F9,J9,N9,R9),"RiversCasino","")))) -> DraftKings | T9: =MAX(F9,J9,N9,R9) -> -35.115589 | U9: =MAX(C9,G9,K9,O9)-MIN(C9,G9,K9,O9) -> 0
A10: Texas Tech | B10: =Win_Probabilities!E9 -> 10.610496 | C10: 10.5 | D10: -220 | E10: =IF(C10="","",SUMPRODUCT((COLUMN(Win_Probabilities!$F$1:$S$1)-COLUMN(Win_Probabilities!$F$1)>C10)*Win_Probabilities!$F9:$S9)) -> 0.5843814 | F10: =E10*IF(D10<0,10000/-D10,D10)-(1-E10)*100 -> -14.999069 | G10: 10.5 | H10: -200 | I10: =IF(G10="","",SUMPRODUCT((COLUMN(Win_Probabilities!$F$1:$S$1)-COLUMN(Win_Probabilities!$F$1)>G10)*Win_Probabilities!$F9:$S9)) -> 0.5843814 | J10: =I10*IF(H10<0,10000/-H10,H10)-(1-I10)*100 -> -12.342789 | K10: 11.5 | L10: 168 | M10: =IF(K10="","",SUMPRODUCT((COLUMN(Win_Probabilities!$F$1:$S$1)-COLUMN(Win_Probabilities!$F$1)>K10)*Win_Probabilities!$F9:$S9)) -> 0.2204153 | N10: =M10*IF(L10<0,10000/-L10,L10)-(1-M10)*100 -> -40.928701 | O10: 10.5 | P10: -230 | Q10: =IF(O10="","",SUMPRODUCT((COLUMN(Win_Probabilities!$F$1:$S$1)-COLUMN(Win_Probabilities!$F$1)>O10)*Win_Probabilities!$F9:$S9)) -> 0.5843814 | R10: =Q10*IF(P10<0,10000/-P10,P10)-(1-Q10)*100 -> -16.153973 | S10: =IF(F10=MAX(F10,J10,N10,R10),"BetMGM",IF(J10=MAX(F10,J10,N10,R10),"DraftKings",IF(N10=MAX(F10,J10,N10,R10),"FanDuel",IF(R10=MAX(F10,J10,N10,R10),"RiversCasino","")))) -> DraftKings | T10: =MAX(F10,J10,N10,R10) -> -12.342789 | U10: =MAX(C10,G10,K10,O10)-MIN(C10,G10,K10,O10) -> 1
A11: Texas A&M | B11: =Win_Probabilities!E10 -> 8.4507633 | C11: 8.5 | D11: 100 | E11: =IF(C11="","",SUMPRODUCT((COLUMN(Win_Probabilities!$F$1:$S$1)-COLUMN(Win_Probabilities!$F$1)>C11)*Win_Probabilities!$F10:$S10)) -> 0.49573644 | F11: =E11*IF(D11<0,10000/-D11,D11)-(1-E11)*100 -> -0.85271137 | G11: 8.5 | H11: 100 | I11: =IF(G11="","",SUMPRODUCT((COLUMN(Win_Probabilities!$F$1:$S$1)-COLUMN(Win_Probabilities!$F$1)>G11)*Win_Probabilities!$F10:$S10)) -> 0.49573644 | J11: =I11*IF(H11<0,10000/-H11,H11)-(1-I11)*100 -> -0.85271137 | K11: 8.5 | L11: 118 | M11: =IF(K11="","",SUMPRODUCT((COLUMN(Win_Probabilities!$F$1:$S$1)-COLUMN(Win_Probabilities!$F$1)>K11)*Win_Probabilities!$F10:$S10)) -> 0.49573644 | N11: =M11*IF(L11<0,10000/-L11,L11)-(1-M11)*100 -> 8.0705446 | O11: 8.5 | P11: -112 | Q11: =IF(O11="","",SUMPRODUCT((COLUMN(Win_Probabilities!$F$1:$S$1)-COLUMN(Win_Probabilities!$F$1)>O11)*Win_Probabilities!$F10:$S10)) -> 0.49573644 | R11: =Q11*IF(P11<0,10000/-P11,P11)-(1-Q11)*100 -> -6.1641733 | S11: =IF(F11=MAX(F11,J11,N11,R11),"BetMGM",IF(J11=MAX(F11,J11,N11,R11),"DraftKings",IF(N11=MAX(F11,J11,N11,R11),"FanDuel",IF(R11=MAX(F11,J11,N11,R11),"RiversCasino","")))) -> FanDuel | T11: =MAX(F11,J11,N11,R11) -> 8.0705446 | U11: =MAX(C11,G11,K11,O11)-MIN(C11,G11,K11,O11) -> 0
A12: LSU | B12: =Win_Probabilities!E11 -> 8.5305373 | C12: 8.5 | D12: -120 | E12: =IF(C12="","",SUMPRODUCT((COLUMN(Win_Probabilities!$F$1:$S$1)-COLUMN(Win_Probabilities!$F$1)>C12)*Win_Probabilities!$F11:$S11)) -> 0.52083025 | F12: =E12*IF(D12<0,10000/-D12,D12)-(1-E12)*100 -> -4.5144544 | G12: 8.5 | H12: -115 | I12: =IF(G12="","",SUMPRODUCT((COLUMN(Win_Probabilities!$F$1:$S$1)-COLUMN(Win_Probabilities!$F$1)>G12)*Win_Probabilities!$F11:$S11)) -> 0.52083025 | J12: =I12*IF(H12<0,10000/-H12,H12)-(1-I12)*100 -> -2.6273882 | K12: 8.5 | L12: -115 | M12: =IF(K12="","",SUMPRODUCT((COLUMN(Win_Probabilities!$F$1:$S$1)-COLUMN(Win_Probabilities!$F$1)>K12)*Win_Probabilities!$F11:$S11)) -> 0.52083025 | N12: =M12*IF(L12<0,10000/-L12,L12)-(1-M12)*100 -> -2.6273882 | O12: 8.5 | P12: -115 | Q12: =IF(O12="","",SUMPRODUCT((COLUMN(Win_Probabilities!$F$1:$S$1)-COLUMN(Win_Probabilities!$F$1)>O12)*Win_Probabilities!$F11:$S11)) -> 0.52083025 | R12: =Q12*IF(P12<0,10000/-P12,P12)-(1-Q12)*100 -> -2.6273882 | S12: =IF(F12=MAX(F12,J12,N12,R12),"BetMGM",IF(J12=MAX(F12,J12,N12,R12),"DraftKings",IF(N12=MAX(F12,J12,N12,R12),"FanDuel",IF(R12=MAX(F12,J12,N12,R12),"RiversCasino","")))) -> DraftKings | T12: =MAX(F12,J12,N12,R12) -> -2.6273882 | U12: =MAX(C12,G12,K12,O12)-MIN(C12,G12,K12,O12) -> 0
A13: Oklahoma | B13: =Win_Probabilities!E12 -> 7.5417647 | C13: 8.5 | D13: 135 | E13: =IF(C13="","",SUMPRODUCT((COLUMN(Win_Probabilities!$F$1:$S$1)-COLUMN(Win_Probabilities!$F$1)>C13)*Win_Probabilities!$F12:$S12)) -> 0.26528149 | F13: =E13*IF(D13<0,10000/-D13,D13)-(1-E13)*100 -> -37.658849 | G13: 8.5 | H13: 140 | I13: =IF(G13="","",SUMPRODUCT((COLUMN(Win_Probabilities!$F$1:$S$1)-COLUMN(Win_Probabilities!$F$1)>G13)*Win_Probabilities!$F12:$S12)) -> 0.26528149 | J13: =I13*IF(H13<0,10000/-H13,H13)-(1-I13)*100 -> -36.332441 | K13: 7.5 | L13: -162 | M13: =IF(K13="","",SUMPRODUCT((COLUMN(Win_Probabilities!$F$1:$S$1)-COLUMN(Win_Probabilities!$F$1)>K13)*Win_Probabilities!$F12:$S12)) -> 0.51653686 | N13: =M13*IF(L13<0,10000/-L13,L13)-(1-M13)*100 -> -16.461322 | O13: 7.5 | P13: -175 | Q13: =IF(O13="","",SUMPRODUCT((COLUMN(Win_Probabilities!$F$1:$S$1)-COLUMN(Win_Probabilities!$F$1)>O13)*Win_Probabilities!$F12:$S12)) -> 0.51653686 | R13: =Q13*IF(P13<0,10000/-P13,P13)-(1-Q13)*100 -> -18.829922 | S13: =IF(F13=MAX(F13,J13,N13,R13),"BetMGM",IF(J13=MAX(F13,J13,N13,R13),"DraftKings",IF(N13=MAX(F13,J13,N13,R13),"FanDuel",IF(R13=MAX(F13,J13,N13,R13),"RiversCasino","")))) -> FanDuel | T13: =MAX(F13,J13,N13,R13) -> -16.461322 | U13: =MAX(C13,G13,K13,O13)-MIN(C13,G13,K13,O13) -> 1
A14: USC | B14: =Win_Probabilities!E13 -> 7.8136586 | C14: 8.5 | D14: 110 | E14: =IF(C14="","",SUMPRODUCT((COLUMN(Win_Probabilities!$F$1:$S$1)-COLUMN(Win_Probabilities!$F$1)>C14)*Win_Probabilities!$F13:$S13)) -> 0.3095812 | F14: =E14*IF(D14<0,10000/-D14,D14)-(1-E14)*100 -> -34.987947 | G14: 8.5 | H14: 115 | I14: =IF(G14="","",SUMPRODUCT((COLUMN(Win_Probabilities!$F$1:$S$1)-COLUMN(Win_Probabilities!$F$1)>G14)*Win_Probabilities!$F13:$S13)) -> 0.3095812 | J14: =I14*IF(H14<0,10000/-H14,H14)-(1-I14)*100 -> -33.440041 | K14: 8.5 | L14: 112 | M14: =IF(K14="","",SUMPRODUCT((COLUMN(Win_Probabilities!$F$1:$S$1)-COLUMN(Win_Probabilities!$F$1)>K14)*Win_Probabilities!$F13:$S13)) -> 0.3095812 | N14: =M14*IF(L14<0,10000/-L14,L14)-(1-M14)*100 -> -34.368785 | O14: 8.5 | P14: 110 | Q14: =IF(O14="","",SUMPRODUCT((COLUMN(Win_Probabilities!$F$1:$S$1)-COLUMN(Win_Probabilities!$F$1)>O14)*Win_Probabilities!$F13:$S13)) -> 0.3095812 | R14: =Q14*IF(P14<0,10000/-P14,P14)-(1-Q14)*100 -> -34.987947 | S14: =IF(F14=MAX(F14,J14,N14,R14),"BetMGM",IF(J14=MAX(F14,J14,N14,R14),"DraftKings",IF(N14=MAX(F14,J14,N14,R14),"FanDuel",IF(R14=MAX(F14,J14,N14,R14),"RiversCasino","")))) -> DraftKings | T14: =MAX(F14,J14,N14,R14) -> -33.440041 | U14: =MAX(C14,G14,K14,O14)-MIN(C14,G14,K14,O14) -> 0
... A45: NC St. | B45: =Win_Probabilities!E44 -> 7.0515854 | C45: 7.5 | D45: 100 | E45: =IF(C45="","",SUMPRODUCT((COLUMN(Win_Probabilities!$F$1:$S$1)-COLUMN(Win_Probabilities!$F$1)>C45)*Win_Probabilities!$F44:$S44)) -> 0.38974771 | F45: =E45*IF(D45<0,10000/-D45,D45)-(1-E45)*100 -> -22.050459 | G45: 7.5 | H45: 120 | I45: =IF(G45="","",SUMPRODUCT((COLUMN(Win_Probabilities!$F$1:$S$1)-COLUMN(Win_Probabilities!$F$1)>G45)*Win_Probabilities!$F44:$S44)) -> 0.38974771 | J45: =I45*IF(H45<0,10000/-H45,H45)-(1-I45)*100 -> -14.255504 | K45: 7.5 | L45: -100 | M45: =IF(K45="","",SUMPRODUCT((COLUMN(Win_Probabilities!$F$1:$S$1)-COLUMN(Win_Probabilities!$F$1)>K45)*Win_Probabilities!$F44:$S44)) -> 0.38974771 | N45: =M45*IF(L45<0,10000/-L45,L45)-(1-M45)*100 -> -22.050459 | O45: 7.5 | P45: -103 | Q45: =IF(O45="","",SUMPRODUCT((COLUMN(Win_Probabilities!$F$1:$S$1)-COLUMN(Win_Probabilities!$F$1)>O45)*Win_Probabilities!$F44:$S44)) -> 0.38974771 | R45: =Q45*IF(P45<0,10000/-P45,P45)-(1-Q45)*100 -> -23.185646 | S45: =IF(F45=MAX(F45,J45,N45,R45),"BetMGM",IF(J45=MAX(F45,J45,N45,R45),"DraftKings",IF(N45=MAX(F45,J45,N45,R45),"FanDuel",IF(R45=MAX(F45,J45,N45,R45),"RiversCasino","")))) -> DraftKings | T45: =MAX(F45,J45,N45,R45) -> -14.255504 | U45: =MAX(C45,G45,K45,O45)-MIN(C45,G45,K45,O45) -> 0
A46: Duke | B46: =Win_Probabilities!E46 -> 6.4083585 | C46: 5.5 | D46: -135 | E46: =IF(C46="","",SUMPRODUCT((COLUMN(Win_Probabilities!$F$1:$S$1)-COLUMN(Win_Probabilities!$F$1)>C46)*Win_Probabilities!$F46:$S46)) -> 0.72391803 | F46: =E46*IF(D46<0,10000/-D46,D46)-(1-E46)*100 -> 26.015361 | G46: 5.5 | H46: -146 | I46: =IF(G46="","",SUMPRODUCT((COLUMN(Win_Probabilities!$F$1:$S$1)-COLUMN(Win_Probabilities!$F$1)>G46)*Win_Probabilities!$F46:$S46)) -> 0.72391803 | J46: =I46*IF(H46<0,10000/-H46,H46)-(1-I46)*100 -> 21.97523 | K46: 5.5 | L46: -144 | M46: =IF(K46="","",SUMPRODUCT((COLUMN(Win_Probabilities!$F$1:$S$1)-COLUMN(Win_Probabilities!$F$1)>K46)*Win_Probabilities!$F46:$S46)) -> 0.72391803 | N46: =M46*IF(L46<0,10000/-L46,L46)-(1-M46)*100 -> 22.663889 | O46: 5.5 | P46: -130 | Q46: =IF(O46="","",SUMPRODUCT((COLUMN(Win_Probabilities!$F$1:$S$1)-COLUMN(Win_Probabilities!$F$1)>O46)*Win_Probabilities!$F46:$S46)) -> 0.72391803 | R46: =Q46*IF(P46<0,10000/-P46,P46)-(1-Q46)*100 -> 28.077806 | S46: =IF(F46=MAX(F46,J46,N46,R46),"BetMGM",IF(J46=MAX(F46,J46,N46,R46),"DraftKings",IF(N46=MAX(F46,J46,N46,R46),"FanDuel",IF(R46=MAX(F46,J46,N46,R46),"RiversCasino","")))) -> RiversCasino | T46: =MAX(F46,J46,N46,R46) -> 28.077806 | U46: =MAX(C46,G46,K46,O46)-MIN(C46,G46,K46,O46) -> 0
A47: UCLA | B47: =Win_Probabilities!E47 -> 5.8455931 | C47: 6.5 | D47: 100 | E47: =IF(C47="","",SUMPRODUCT((COLUMN(Win_Probabilities!$F$1:$S$1)-COLUMN(Win_Probabilities!$F$1)>C47)*Win_Probabilities!$F47:$S47)) -> 0.33544772 | F47: =E47*IF(D47<0,10000/-D47,D47)-(1-E47)*100 -> -32.910455 | G47: 6.5 | H47: 110 | I47: =IF(G47="","",SUMPRODUCT((COLUMN(Win_Probabilities!$F$1:$S$1)-COLUMN(Win_Probabilities!$F$1)>G47)*Win_Probabilities!$F47:$S47)) -> 0.33544772 | J47: =I47*IF(H47<0,10000/-H47,H47)-(1-I47)*100 -> -29.555978 | K47: 6.5 | L47: -102 | M47: =IF(K47="","",SUMPRODUCT((COLUMN(Win_Probabilities!$F$1:$S$1)-COLUMN(Win_Probabilities!$F$1)>K47)*Win_Probabilities!$F47:$S47)) -> 0.33544772 | N47: =M47*IF(L47<0,10000/-L47,L47)-(1-M47)*100 -> -33.568196 | O47: 5.5 | P47: -200 | Q47: =IF(O47="","",SUMPRODUCT((COLUMN(Win_Probabilities!$F$1:$S$1)-COLUMN(Win_Probabilities!$F$1)>O47)*Win_Probabilities!$F47:$S47)) -> 0.58953212 | R47: =Q47*IF(P47<0,10000/-P47,P47)-(1-Q47)*100 -> -11.570182 | S47: =IF(F47=MAX(F47,J47,N47,R47),"BetMGM",IF(J47=MAX(F47,J47,N47,R47),"DraftKings",IF(N47=MAX(F47,J47,N47,R47),"FanDuel",IF(R47=MAX(F47,J47,N47,R47),"RiversCasino","")))) -> RiversCasino | T47: =MAX(F47,J47,N47,R47) -> -11.570182 | U47: =MAX(C47,G47,K47,O47)-MIN(C47,G47,K47,O47) -> 1
A48: Maryland | B48: =Win_Probabilities!E49 -> 5.9508816 | C48: 5.5 | D48: 110 | E48: =IF(C48="","",SUMPRODUCT((COLUMN(Win_Probabilities!$F$1:$S$1)-COLUMN(Win_Probabilities!$F$1)>C48)*Win_Probabilities!$F49:$S49)) -> 0.61849052 | F48: =E48*IF(D48<0,10000/-D48,D48)-(1-E48)*100 -> 29.883008 | G48: 5.5 | H48: 105 | I48: =IF(G48="","",SUMPRODUCT((COLUMN(Win_Probabilities!$F$1:$S$1)-COLUMN(Win_Probabilities!$F$1)>G48)*Win_Probabilities!$F49:$S49)) -> 0.61849052 | J48: =I48*IF(H48<0,10000/-H48,H48)-(1-I48)*100 -> 26.790556 | K48: 5.5 | L48: 122 | M48: =IF(K48="","",SUMPRODUCT((COLUMN(Win_Probabilities!$F$1:$S$1)-COLUMN(Win_Probabilities!$F$1)>K48)*Win_Probabilities!$F49:$S49)) -> 0.61849052 | N48: =M48*IF(L48<0,10000/-L48,L48)-(1-M48)*100 -> 37.304895 | O48: 4.5 | P48: -200 | Q48: =IF(O48="","",SUMPRODUCT((COLUMN(Win_Probabilities!$F$1:$S$1)-COLUMN(Win_Probabilities!$F$1)>O48)*Win_Probabilities!$F49:$S49)) -> 0.83597157 | R48: =Q48*IF(P48<0,10000/-P48,P48)-(1-Q48)*100 -> 25.395736 | S48: =IF(F48=MAX(F48,J48,N48,R48),"BetMGM",IF(J48=MAX(F48,J48,N48,R48),"DraftKings",IF(N48=MAX(F48,J48,N48,R48),"FanDuel",IF(R48=MAX(F48,J48,N48,R48),"RiversCasino","")))) -> FanDuel | T48: =MAX(F48,J48,N48,R48) -> 37.304895 | U48: =MAX(C48,G48,K48,O48)-MIN(C48,G48,K48,O48) -> 1
A49: Boise St. | B49: =Win_Probabilities!E50 -> 8.1957267 | C49: 7.5 | D49: -175 | E49: =IF(C49="","",SUMPRODUCT((COLUMN(Win_Probabilities!$F$1:$S$1)-COLUMN(Win_Probabilities!$F$1)>C49)*Win_Probabilities!$F50:$S50)) -> 0.6984631 | F49: =E49*IF(D49<0,10000/-D49,D49)-(1-E49)*100 -> 9.7584875 | G49: 8.5 | H49: 150 | I49: =IF(G49="","",SUMPRODUCT((COLUMN(Win_Probabilities!$F$1:$S$1)-COLUMN(Win_Probabilities!$F$1)>G49)*Win_Probabilities!$F50:$S50)) -> 0.4357072 | J49: =I49*IF(H49<0,10000/-H49,H49)-(1-I49)*100 -> 8.9268007 | K49: 8.5 | L49: -128 | M49: =IF(K49="","",SUMPRODUCT((COLUMN(Win_Probabilities!$F$1:$S$1)-COLUMN(Win_Probabilities!$F$1)>K49)*Win_Probabilities!$F50:$S50)) -> 0.4357072 | N49: =M49*IF(L49<0,10000/-L49,L49)-(1-M49)*100 -> -22.389654 | O49: 8.5 | P49: 100 | Q49: =IF(O49="","",SUMPRODUCT((COLUMN(Win_Probabilities!$F$1:$S$1)-COLUMN(Win_Probabilities!$F$1)>O49)*Win_Probabilities!$F50:$S50)) -> 0.4357072 | R49: =Q49*IF(P49<0,10000/-P49,P49)-(1-Q49)*100 -> -12.858559 | S49: =IF(F49=MAX(F49,J49,N49,R49),"BetMGM",IF(J49=MAX(F49,J49,N49,R49),"DraftKings",IF(N49=MAX(F49,J49,N49,R49),"FanDuel",IF(R49=MAX(F49,J49,N49,R49),"RiversCasino","")))) -> BetMGM | T49: =MAX(F49,J49,N49,R49) -> 9.7584875 | U49: =MAX(C49,G49,K49,O49)-MIN(C49,G49,K49,O49) -> 1
A50: Northwestern | B50: =Win_Probabilities!E51 -> 5.2736862 | C50: 5.5 | D50: 110 | E50: =IF(C50="","",SUMPRODUCT((COLUMN(Win_Probabilities!$F$1:$S$1)-COLUMN(Win_Probabilities!$F$1)>C50)*Win_Probabilities!$F51:$S51)) -> 0.43122742 | F50: =E50*IF(D50<0,10000/-D50,D50)-(1-E50)*100 -> -9.4422418 | G50: 5.5 | H50: 110 | I50: =IF(G50="","",SUMPRODUCT((COLUMN(Win_Probabilities!$F$1:$S$1)-COLUMN(Win_Probabilities!$F$1)>G50)*Win_Probabilities!$F51:$S51)) -> 0.43122742 | J50: =I50*IF(H50<0,10000/-H50,H50)-(1-I50)*100 -> -9.4422418 | K50: 5.5 | L50: 110 | M50: =IF(K50="","",SUMPRODUCT((COLUMN(Win_Probabilities!$F$1:$S$1)-COLUMN(Win_Probabilities!$F$1)>K50)*Win_Probabilities!$F51:$S51)) -> 0.43122742 | N50: =M50*IF(L50<0,10000/-L50,L50)-(1-M50)*100 -> -9.4422418 | O50: 5.5 | P50: 108 | Q50: =IF(O50="","",SUMPRODUCT((COLUMN(Win_Probabilities!$F$1:$S$1)-COLUMN(Win_Probabilities!$F$1)>O50)*Win_Probabilities!$F51:$S51)) -> 0.43122742 | R50: =Q50*IF(P50<0,10000/-P50,P50)-(1-Q50)*100 -> -10.304697 | S50: =IF(F50=MAX(F50,J50,N50,R50),"BetMGM",IF(J50=MAX(F50,J50,N50,R50),"DraftKings",IF(N50=MAX(F50,J50,N50,R50),"FanDuel",IF(R50=MAX(F50,J50,N50,R50),"RiversCasino","")))) -> BetMGM | T50: =MAX(F50,J50,N50,R50) -> -9.4422418 | U50: =MAX(C50,G50,K50,O50)-MIN(C50,G50,K50,O50) -> 0
A51: Arizona St. | B51: =Win_Probabilities!E52 -> 5.7920113 | C51: 6.5 | D51: -120 | E51: =IF(C51="","",SUMPRODUCT((COLUMN(Win_Probabilities!$F$1:$S$1)-COLUMN(Win_Probabilities!$F$1)>C51)*Win_Probabilities!$F52:$S52)) -> 0.31705339 | F51: =E51*IF(D51<0,10000/-D51,D51)-(1-E51)*100 -> -41.873546 | G51: 6.5 | H51: -115 | I51: =IF(G51="","",SUMPRODUCT((COLUMN(Win_Probabilities!$F$1:$S$1)-COLUMN(Win_Probabilities!$F$1)>G51)*Win_Probabilities!$F52:$S52)) -> 0.31705339 | J51: =I51*IF(H51<0,10000/-H51,H51)-(1-I51)*100 -> -40.724802 | K51: 6.5 | L51: -110 | M51: =IF(K51="","",SUMPRODUCT((COLUMN(Win_Probabilities!$F$1:$S$1)-COLUMN(Win_Probabilities!$F$1)>K51)*Win_Probabilities!$F52:$S52)) -> 0.31705339 | N51: =M51*IF(L51<0,10000/-L51,L51)-(1-M51)*100 -> -39.471626 | O51: 6.5 | P51: -134 | Q51: =IF(O51="","",SUMPRODUCT((COLUMN(Win_Probabilities!$F$1:$S$1)-COLUMN(Win_Probabilities!$F$1)>O51)*Win_Probabilities!$F52:$S52)) -> 0.31705339 | R51: =Q51*IF(P51<0,10000/-P51,P51)-(1-Q51)*100 -> -44.633961 | S51: =IF(F51=MAX(F51,J51,N51,R51),"BetMGM",IF(J51=MAX(F51,J51,N51,R51),"DraftKings",IF(N51=MAX(F51,J51,N51,R51),"FanDuel",IF(R51=MAX(F51,J51,N51,R51),"RiversCasino","")))) -> FanDuel | T51: =MAX(F51,J51,N51,R51) -> -39.471626 | U51: =MAX(C51,G51,K51,O51)-MIN(C51,G51,K51,O51) -> 0
A52: Wisconsin | B52: =Win_Probabilities!E54 -> 5.6389684 | C52: 6.5 | D52: -110 | E52: =IF(C52="","",SUMPRODUCT((COLUMN(Win_Probabilities!$F$1:$S$1)-COLUMN(Win_Probabilities!$F$1)>C52)*Win_Probabilities!$F54:$S54)) -> 0.27477725 | F52: =E52*IF(D52<0,10000/-D52,D52)-(1-E52)*100 -> -47.542525 | G52: 6.5 | H52: -105 | I52: =IF(G52="","",SUMPRODUCT((COLUMN(Win_Probabilities!$F$1:$S$1)-COLUMN(Win_Probabilities!$F$1)>G52)*Win_Probabilities!$F54:$S54)) -> 0.27477725 | J52: =I52*IF(H52<0,10000/-H52,H52)-(1-I52)*100 -> -46.353013 | K52: 6.5 | L52: -114 | M52: =IF(K52="","",SUMPRODUCT((COLUMN(Win_Probabilities!$F$1:$S$1)-COLUMN(Win_Probabilities!$F$1)>K52)*Win_Probabilities!$F54:$S54)) -> 0.27477725 | N52: =M52*IF(L52<0,10000/-L52,L52)-(1-M52)*100 -> -48.419008 | O52: 6.5 | P52: -113 | Q52: =IF(O52="","",SUMPRODUCT((COLUMN(Win_Probabilities!$F$1:$S$1)-COLUMN(Win_Probabilities!$F$1)>O52)*Win_Probabilities!$F54:$S54)) -> 0.27477725 | R52: =Q52*IF(P52<0,10000/-P52,P52)-(1-Q52)*100 -> -48.205704 | S52: =IF(F52=MAX(F52,J52,N52,R52),"BetMGM",IF(J52=MAX(F52,J52,N52,R52),"DraftKings",IF(N52=MAX(F52,J52,N52,R52),"FanDuel",IF(R52=MAX(F52,J52,N52,R52),"RiversCasino","")))) -> DraftKings | T52: =MAX(F52,J52,N52,R52) -> -46.353013 | U52: =MAX(C52,G52,K52,O52)-MIN(C52,G52,K52,O52) -> 0
A53: Baylor | B53: =Win_Probabilities!E55 -> 5.9351034 | C53: 6.5 | D53: 160 | E53: =IF(C53="","",SUMPRODUCT((COLUMN(Win_Probabilities!$F$1:$S$1)-COLUMN(Win_Probabilities!$F$1)>C53)*Win_Probabilities!$F55:$S55)) -> 0.35182798 | F53: =E53*IF(D53<0,10000/-D53,D53)-(1-E53)*100 -> -8.5247265 | G53: 5.5 | H53: -166 | I53: =IF(G53="","",SUMPRODUCT((COLUMN(Win_Probabilities!$F$1:$S$1)-COLUMN(Win_Probabilities!$F$1)>G53)*Win_Probabilities!$F55:$S55)) -> 0.60861379 | J53: =I53*IF(H53<0,10000/-H53,H53)-(1-I53)*100 -> -2.4751391 | K53: 6.5 | L53: 146 | M53: =IF(K53="","",SUMPRODUCT((COLUMN(Win_Probabilities!$F$1:$S$1)-COLUMN(Win_Probabilities!$F$1)>K53)*Win_Probabilities!$F55:$S55)) -> 0.35182798 | N53: =M53*IF(L53<0,10000/-L53,L53)-(1-M53)*100 -> -13.450318 | O53: 6.5 | P53: 135 | Q53: =IF(O53="","",SUMPRODUCT((COLUMN(Win_Probabilities!$F$1:$S$1)-COLUMN(Win_Probabilities!$F$1)>O53)*Win_Probabilities!$F55:$S55)) -> 0.35182798 | R53: =Q53*IF(P53<0,10000/-P53,P53)-(1-Q53)*100 -> -17.320426 | S53: =IF(F53=MAX(F53,J53,N53,R53),"BetMGM",IF(J53=MAX(F53,J53,N53,R53),"DraftKings",IF(N53=MAX(F53,J53,N53,R53),"FanDuel",IF(R53=MAX(F53,J53,N53,R53),"RiversCasino","")))) -> DraftKings | T53: =MAX(F53,J53,N53,R53) -> -2.4751391 | U53: =MAX(C53,G53,K53,O53)-MIN(C53,G53,K53,O53) -> 1
A54: UNLV | B54: =Win_Probabilities!E56 -> 8.8539808 | C54: 7.5 | D54: -185 | E54: =IF(C54="","",SUMPRODUCT((COLUMN(Win_Probabilities!$F$1:$S$1)-COLUMN(Win_Probabilities!$F$1)>C54)*Win_Probabilities!$F56:$S56)) -> 0.82863944 | F54: =E54*IF(D54<0,10000/-D54,D54)-(1-E54)*100 -> 27.655265 | G54: 7.5 | H54: -174 | I54: =IF(G54="","",SUMPRODUCT((COLUMN(Win_Probabilities!$F$1:$S$1)-COLUMN(Win_Probabilities!$F$1)>G54)*Win_Probabilities!$F56:$S56)) -> 0.82863944 | J54: =I54*IF(H54<0,10000/-H54,H54)-(1-I54)*100 -> 30.4869 | K54: 8.5 | L54: 112 | M54: =IF(K54="","",SUMPRODUCT((COLUMN(Win_Probabilities!$F$1:$S$1)-COLUMN(Win_Probabilities!$F$1)>K54)*Win_Probabilities!$F56:$S56)) -> 0.61223786 | N54: =M54*IF(L54<0,10000/-L54,L54)-(1-M54)*100 -> 29.794425 | O54: 7.5 | P54: -175 | Q54: =IF(O54="","",SUMPRODUCT((COLUMN(Win_Probabilities!$F$1:$S$1)-COLUMN(Win_Probabilities!$F$1)>O54)*Win_Probabilities!$F56:$S56)) -> 0.82863944 | R54: =Q54*IF(P54<0,10000/-P54,P54)-(1-Q54)*100 -> 30.214769 | S54: =IF(F54=MAX(F54,J54,N54,R54),"BetMGM",IF(J54=MAX(F54,J54,N54,R54),"DraftKings",IF(N54=MAX(F54,J54,N54,R54),"FanDuel",IF(R54=MAX(F54,J54,N54,R54),"RiversCasino","")))) -> DraftKings | T54: =MAX(F54,J54,N54,R54) -> 30.4869 | U54: =MAX(C54,G54,K54,O54)-MIN(C54,G54,K54,O54) -> 1
A55: N. Carolina | B55: =Win_Probabilities!E57 -> 5.2771044 | C55: 4.5 | D55: -105 | E55: =IF(C55="","",SUMPRODUCT((COLUMN(Win_Probabilities!$F$1:$S$1)-COLUMN(Win_Probabilities!$F$1)>C55)*Win_Probabilities!$F57:$S57)) -> 0.69522012 | F55: =E55*IF(D55<0,10000/-D55,D55)-(1-E55)*100 -> 35.733451 | G55: 4.5 | H55: -115 | I55: =IF(G55="","",SUMPRODUCT((COLUMN(Win_Probabilities!$F$1:$S$1)-COLUMN(Win_Probabilities!$F$1)>G55)*Win_Probabilities!$F57:$S57)) -> 0.69522012 | J55: =I55*IF(H55<0,10000/-H55,H55)-(1-I55)*100 -> 29.975935 | K55: 4.5 | L55: -105 | M55: =IF(K55="","",SUMPRODUCT((COLUMN(Win_Probabilities!$F$1:$S$1)-COLUMN(Win_Probabilities!$F$1)>K55)*Win_Probabilities!$F57:$S57)) -> 0.69522012 | N55: =M55*IF(L55<0,10000/-L55,L55)-(1-M55)*100 -> 35.733451 | O55: 4.5 | P55: -121 | Q55: =IF(O55="","",SUMPRODUCT((COLUMN(Win_Probabilities!$F$1:$S$1)-COLUMN(Win_Probabilities!$F$1)>O55)*Win_Probabilities!$F57:$S57)) -> 0.69522012 | R55: =Q55*IF(P55<0,10000/-P55,P55)-(1-Q55)*100 -> 26.97822 | S55: =IF(F55=MAX(F55,J55,N55,R55),"BetMGM",IF(J55=MAX(F55,J55,N55,R55),"DraftKings",IF(N55=MAX(F55,J55,N55,R55),"FanDuel",IF(R55=MAX(F55,J55,N55,R55),"RiversCasino","")))) -> BetMGM | T55: =MAX(F55,J55,N55,R55) -> 35.733451 | U55: =MAX(C55,G55,K55,O55)-MIN(C55,G55,K55,O55) -> 0
A56: Wake Forest | B56: =Win_Probabilities!E58 -> 6.0568413 | C56: 5.5 | D56: -130 | E56: =IF(C56="","",SUMPRODUCT((COLUMN(Win_Probabilities!$F$1:$S$1)-COLUMN(Win_Probabilities!$F$1)>C56)*Win_Probabilities!$F58:$S58)) -> 0.64074737 | F56: =E56*IF(D56<0,10000/-D56,D56)-(1-E56)*100 -> 13.362997 | G56: 5.5 | H56: -136 | I56: =IF(G56="","",SUMPRODUCT((COLUMN(Win_Probabilities!$F$1:$S$1)-COLUMN(Win_Probabilities!$F$1)>G56)*Win_Probabilities!$F58:$S58)) -> 0.64074737 | J56: =I56*IF(H56<0,10000/-H56,H56)-(1-I56)*100 -> 11.188515 | K56: 5.5 | L56: -132 | M56: =IF(K56="","",SUMPRODUCT((COLUMN(Win_Probabilities!$F$1:$S$1)-COLUMN(Win_Probabilities!$F$1)>K56)*Win_Probabilities!$F58:$S58)) -> 0.64074737 | N56: =M56*IF(L56<0,10000/-L56,L56)-(1-M56)*100 -> 12.616205 | O56: 5.5 | P56: -125 | Q56: =IF(O56="","",SUMPRODUCT((COLUMN(Win_Probabilities!$F$1:$S$1)-COLUMN(Win_Probabilities!$F$1)>O56)*Win_Probabilities!$F58:$S58)) -> 0.64074737 | R56: =Q56*IF(P56<0,10000/-P56,P56)-(1-Q56)*100 -> 15.334527 | S56: =IF(F56=MAX(F56,J56,N56,R56),"BetMGM",IF(J56=MAX(F56,J56,N56,R56),"DraftKings",IF(N56=MAX(F56,J56,N56,R56),"FanDuel",IF(R56=MAX(F56,J56,N56,R56),"RiversCasino","")))) -> RiversCasino | T56: =MAX(F56,J56,N56,R56) -> 15.334527 | U56: =MAX(C56,G56,K56,O56)-MIN(C56,G56,K56,O56) -> 0
A57: Kansas | B57: =Win_Probabilities!E59 -> 5.933844 | C57: 5.5 | D57: -150 | E57: =IF(C57="","",SUMPRODUCT((COLUMN(Win_Probabilities!$F$1:$S$1)-COLUMN(Win_Probabilities!$F$1)>C57)*Win_Probabilities!$F59:$S59)) -> 0.60589503 | F57: =E57*IF(D57<0,10000/-D57,D57)-(1-E57)*100 -> 0.98250556 | G57: 5.5 | H57: -156 | I57: =IF(G57="","",SUMPRODUCT((COLUMN(Win_Probabilities!$F$1:$S$1)-COLUMN(Win_Probabilities!$F$1)>G57)*Win_Probabilities!$F59:$S59)) -> 0.60589503 | J57: =I57*IF(H57<0,10000/-H57,H57)-(1-I57)*100 -> -0.57107145 | K57: 5.5 | L57: -130 | M57: =IF(K57="","",SUMPRODUCT((COLUMN(Win_Probabilities!$F$1:$S$1)-COLUMN(Win_Probabilities!$F$1)>K57)*Win_Probabilities!$F59:$S59)) -> 0.60589503 | N57: =M57*IF(L57<0,10000/-L57,L57)-(1-M57)*100 -> 7.1968136 | O57: 5.5 | P57: -152 | Q57: =IF(O57="","",SUMPRODUCT((COLUMN(Win_Probabilities!$F$1:$S$1)-COLUMN(Win_Probabilities!$F$1)>O57)*Win_Probabilities!$F59:$S59)) -> 0.60589503 | R57: =Q57*IF(P57<0,10000/-P57,P57)-(1-Q57)*100 -> 0.45101868 | S57: =IF(F57=MAX(F57,J57,N57,R57),"BetMGM",IF(J57=MAX(F57,J57,N57,R57),"DraftKings",IF(N57=MAX(F57,J57,N57,R57),"FanDuel",IF(R57=MAX(F57,J57,N57,R57),"RiversCasino","")))) -> FanDuel | T57: =MAX(F57,J57,N57,R57) -> 7.1968136 | U57: =MAX(C57,G57,K57,O57)-MIN(C57,G57,K57,O57) -> 0
A58: Cincinnati | B58: =Win_Probabilities!E60 -> 5.8009051 | C58: 5.5 | D58: 130 | E58: =IF(C58="","",SUMPRODUCT((COLUMN(Win_Probabilities!$F$1:$S$1)-COLUMN(Win_Probabilities!$F$1)>C58)*Win_Probabilities!$F60:$S60)) -> 0.57429445 | F58: =E58*IF(D58<0,10000/-D58,D58)-(1-E58)*100 -> 32.087724 | G58: 5.5 | H58: 125 | I58: =IF(G58="","",SUMPRODUCT((COLUMN(Win_Probabilities!$F$1:$S$1)-COLUMN(Win_Probabilities!$F$1)>G58)*Win_Probabilities!$F60:$S60)) -> 0.57429445 | J58: =I58*IF(H58<0,10000/-H58,H58)-(1-I58)*100 -> 29.216252 | K58: 5.5 | L58: 132 | M58: =IF(K58="","",SUMPRODUCT((COLUMN(Win_Probabilities!$F$1:$S$1)-COLUMN(Win_Probabilities!$F$1)>K58)*Win_Probabilities!$F60:$S60)) -> 0.57429445 | N58: =M58*IF(L58<0,10000/-L58,L58)-(1-M58)*100 -> 33.236313 | O58: 5.5 | P58: 118 | Q58: =IF(O58="","",SUMPRODUCT((COLUMN(Win_Probabilities!$F$1:$S$1)-COLUMN(Win_Probabilities!$F$1)>O58)*Win_Probabilities!$F60:$S60)) -> 0.57429445 | R58: =Q58*IF(P58<0,10000/-P58,P58)-(1-Q58)*100 -> 25.196191 | S58: =IF(F58=MAX(F58,J58,N58,R58),"BetMGM",IF(J58=MAX(F58,J58,N58,R58),"DraftKings",IF(N58=MAX(F58,J58,N58,R58),"FanDuel",IF(R58=MAX(F58,J58,N58,R58),"RiversCasino","")))) -> FanDuel | T58: =MAX(F58,J58,N58,R58) -> 33.236313 | U58: =MAX(C58,G58,K58,O58)-MIN(C58,G58,K58,O58) -> 0
A59: California | B59: =Win_Probabilities!E61 -> 5.871568 | C59: 6.5 | D59: 120 | E59: =IF(C59="","",SUMPRODUCT((COLUMN(Win_Probabilities!$F$1:$S$1)-COLUMN(Win_Probabilities!$F$1)>C59)*Win_Probabilities!$F61:$S61)) -> 0.34382203 | F59: =E59*IF(D59<0,10000/-D59,D59)-(1-E59)*100 -> -24.359153 | G59: 6.5 | H59: 125 | I59: =IF(G59="","",SUMPRODUCT((COLUMN(Win_Probabilities!$F$1:$S$1)-COLUMN(Win_Probabilities!$F$1)>G59)*Win_Probabilities!$F61:$S61)) -> 0.34382203 | J59: =I59*IF(H59<0,10000/-H59,H59)-(1-I59)*100 -> -22.640043 | K59: 6.5 | L59: 116 | M59: =IF(K59="","",SUMPRODUCT((COLUMN(Win_Probabilities!$F$1:$S$1)-COLUMN(Win_Probabilities!$F$1)>K59)*Win_Probabilities!$F61:$S61)) -> 0.34382203 | N59: =M59*IF(L59<0,10000/-L59,L59)-(1-M59)*100 -> -25.734442 | O59: 6.5 | P59: 115 | Q59: =IF(O59="","",SUMPRODUCT((COLUMN(Win_Probabilities!$F$1:$S$1)-COLUMN(Win_Probabilities!$F$1)>O59)*Win_Probabilities!$F61:$S61)) -> 0.34382203 | R59: =Q59*IF(P59<0,10000/-P59,P59)-(1-Q59)*100 -> -26.078264 | S59: =IF(F59=MAX(F59,J59,N59,R59),"BetMGM",IF(J59=MAX(F59,J59,N59,R59),"DraftKings",IF(N59=MAX(F59,J59,N59,R59),"FanDuel",IF(R59=MAX(F59,J59,N59,R59),"RiversCasino","")))) -> DraftKings | T59: =MAX(F59,J59,N59,R59) -> -22.640043 | U59: =MAX(C59,G59,K59,O59)-MIN(C59,G59,K59,O59) -> 0
A60: Michigan St. | B60: =Win_Probabilities!E63 -> 4.6255855 | C60: 4.5 | D60: 140 | E60: =IF(C60="","",SUMPRODUCT((COLUMN(Win_Probabilities!$F$1:$S$1)-COLUMN(Win_Probabilities!$F$1)>C60)*Win_Probabilities!$F63:$S63)) -> 0.52569179 | F60: =E60*IF(D60<0,10000/-D60,D60)-(1-E60)*100 -> 26.16603 | G60: 4.5 | H60: 130 | I60: =IF(G60="","",SUMPRODUCT((COLUMN(Win_Probabilities!$F$1:$S$1)-COLUMN(Win_Probabilities!$F$1)>G60)*Win_Probabilities!$F63:$S63)) -> 0.52569179 | J60: =I60*IF(H60<0,10000/-H60,H60)-(1-I60)*100 -> 20.909112 | K60: 3.5 | L60: -144 | M60: =IF(K60="","",SUMPRODUCT((COLUMN(Win_Probabilities!$F$1:$S$1)-COLUMN(Win_Probabilities!$F$1)>K60)*Win_Probabilities!$F63:$S63)) -> 0.7807967 | N60: =M60*IF(L60<0,10000/-L60,L60)-(1-M60)*100 -> 32.301664 | O60: 4.5 | P60: 120 | Q60: =IF(O60="","",SUMPRODUCT((COLUMN(Win_Probabilities!$F$1:$S$1)-COLUMN(Win_Probabilities!$F$1)>O60)*Win_Probabilities!$F63:$S63)) -> 0.52569179 | R60: =Q60*IF(P60<0,10000/-P60,P60)-(1-Q60)*100 -> 15.652195 | S60: =IF(F60=MAX(F60,J60,N60,R60),"BetMGM",IF(J60=MAX(F60,J60,N60,R60),"DraftKings",IF(N60=MAX(F60,J60,N60,R60),"FanDuel",IF(R60=MAX(F60,J60,N60,R60),"RiversCasino","")))) -> FanDuel | T60: =MAX(F60,J60,N60,R60) -> 32.301664 | U60: =MAX(C60,G60,K60,O60)-MIN(C60,G60,K60,O60) -> 1
A61: UCF | B61: =Win_Probabilities!E64 -> 6.0186516 | C61: 5.5 | D61: -155 | E61: =IF(C61="","",SUMPRODUCT((COLUMN(Win_Probabilities!$F$1:$S$1)-COLUMN(Win_Probabilities!$F$1)>C61)*Win_Probabilities!$F64:$S64)) -> 0.62623339 | F61: =E61*IF(D61<0,10000/-D61,D61)-(1-E61)*100 -> 3.025493 | G61: 5.5 | H61: -140 | I61: =IF(G61="","",SUMPRODUCT((COLUMN(Win_Probabilities!$F$1:$S$1)-COLUMN(Win_Probabilities!$F$1)>G61)*Win_Probabilities!$F64:$S64)) -> 0.62623339 | J61: =I61*IF(H61<0,10000/-H61,H61)-(1-I61)*100 -> 7.3542952 | K61: 5.5 | L61: -148 | M61: =IF(K61="","",SUMPRODUCT((COLUMN(Win_Probabilities!$F$1:$S$1)-COLUMN(Win_Probabilities!$F$1)>K61)*Win_Probabilities!$F64:$S64)) -> 0.62623339 | N61: =M61*IF(L61<0,10000/-L61,L61)-(1-M61)*100 -> 4.9364057 | O61: 5.5 | P61: -155 | Q61: =IF(O61="","",SUMPRODUCT((COLUMN(Win_Probabilities!$F$1:$S$1)-COLUMN(Win_Probabilities!$F$1)>O61)*Win_Probabilities!$F64:$S64)) -> 0.62623339 | R61: =Q61*IF(P61<0,10000/-P61,P61)-(1-Q61)*100 -> 3.025493 | S61: =IF(F61=MAX(F61,J61,N61,R61),"BetMGM",IF(J61=MAX(F61,J61,N61,R61),"DraftKings",IF(N61=MAX(F61,J61,N61,R61),"FanDuel",IF(R61=MAX(F61,J61,N61,R61),"RiversCasino","")))) -> DraftKings | T61: =MAX(F61,J61,N61,R61) -> 7.3542952 | U61: =MAX(C61,G61,K61,O61)-MIN(C61,G61,K61,O61) -> 0
A62: Navy | B62: =Win_Probabilities!E65 -> 7.9743814 | C62: 7.5 | D62: -160 | E62: =IF(C62="","",SUMPRODUCT((COLUMN(Win_Probabilities!$F$1:$S$1)-COLUMN(Win_Probabilities!$F$1)>C62)*Win_Probabilities!$F65:$S65)) -> 0.64253111 | F62: =E62*IF(D62<0,10000/-D62,D62)-(1-E62)*100 -> 4.4113055 | G62: 7.5 | H62: -160 | I62: =IF(G62="","",SUMPRODUCT((COLUMN(Win_Probabilities!$F$1:$S$1)-COLUMN(Win_Probabilities!$F$1)>G62)*Win_Probabilities!$F65:$S65)) -> 0.64253111 | J62: =I62*IF(H62<0,10000/-H62,H62)-(1-I62)*100 -> 4.4113055 | K62: 8.5 | L62: 122 | M62: =IF(K62="","",SUMPRODUCT((COLUMN(Win_Probabilities!$F$1:$S$1)-COLUMN(Win_Probabilities!$F$1)>K62)*Win_Probabilities!$F65:$S65)) -> 0.36713036 | N62: =M62*IF(L62<0,10000/-L62,L62)-(1-M62)*100 -> -18.497061 | O62: 7.5 | P62: -177 | Q62: =IF(O62="","",SUMPRODUCT((COLUMN(Win_Probabilities!$F$1:$S$1)-COLUMN(Win_Probabilities!$F$1)>O62)*Win_Probabilities!$F65:$S65)) -> 0.64253111 | R62: =Q62*IF(P62<0,10000/-P62,P62)-(1-Q62)*100 -> 0.55430374 | S62: =IF(F62=MAX(F62,J62,N62,R62),"BetMGM",IF(J62=MAX(F62,J62,N62,R62),"DraftKings",IF(N62=MAX(F62,J62,N62,R62),"FanDuel",IF(R62=MAX(F62,J62,N62,R62),"RiversCasino","")))) -> BetMGM | T62: =MAX(F62,J62,N62,R62) -> 4.4113055 | U62: =MAX(C62,G62,K62,O62)-MIN(C62,G62,K62,O62) -> 1
A63: SDSU | B63: =Win_Probabilities!E66 -> 7.3789048 | C63: 7.5 | D63: 115 | E63: =IF(C63="","",SUMPRODUCT((COLUMN(Win_Probabilities!$F$1:$S$1)-COLUMN(Win_Probabilities!$F$1)>C63)*Win_Probabilities!$F66:$S66)) -> 0.4771849 | F63: =E63*IF(D63<0,10000/-D63,D63)-(1-E63)*100 -> 2.5947542 | G63: 7.5 | H63: 130 | I63: =IF(G63="","",SUMPRODUCT((COLUMN(Win_Probabilities!$F$1:$S$1)-COLUMN(Win_Probabilities!$F$1)>G63)*Win_Probabilities!$F66:$S66)) -> 0.4771849 | J63: =I63*IF(H63<0,10000/-H63,H63)-(1-I63)*100 -> 9.7525277 | K63: 7.5 | L63: 126 | M63: =IF(K63="","",SUMPRODUCT((COLUMN(Win_Probabilities!$F$1:$S$1)-COLUMN(Win_Probabilities!$F$1)>K63)*Win_Probabilities!$F66:$S66)) -> 0.4771849 | N63: =M63*IF(L63<0,10000/-L63,L63)-(1-M63)*100 -> 7.8437881 | O63: 7.5 | P63: 115 | Q63: =IF(O63="","",SUMPRODUCT((COLUMN(Win_Probabilities!$F$1:$S$1)-COLUMN(Win_Probabilities!$F$1)>O63)*Win_Probabilities!$F66:$S66)) -> 0.4771849 | R63: =Q63*IF(P63<0,10000/-P63,P63)-(1-Q63)*100 -> 2.5947542 | S63: =IF(F63=MAX(F63,J63,N63,R63),"BetMGM",IF(J63=MAX(F63,J63,N63,R63),"DraftKings",IF(N63=MAX(F63,J63,N63,R63),"FanDuel",IF(R63=MAX(F63,J63,N63,R63),"RiversCasino","")))) -> DraftKings | T63: =MAX(F63,J63,N63,R63) -> 9.7525277 | U63: =MAX(C63,G63,K63,O63)-MIN(C63,G63,K63,O63) -> 0
A64: Memphis | B64: =Win_Probabilities!E68 -> 7.7795486 | C64: 7.5 | D64: -105 | E64: =IF(C64="","",SUMPRODUCT((COLUMN(Win_Probabilities!$F$1:$S$1)-COLUMN(Win_Probabilities!$F$1)>C64)*Win_Probabilities!$F68:$S68)) -> 0.58120261 | F64: =E64*IF(D64<0,10000/-D64,D64)-(1-E64)*100 -> 13.47289 | G64: 7.5 | H64: -105 | I64: =IF(G64="","",SUMPRODUCT((COLUMN(Win_Probabilities!$F$1:$S$1)-COLUMN(Win_Probabilities!$F$1)>G64)*Win_Probabilities!$F68:$S68)) -> 0.58120261 | J64: =I64*IF(H64<0,10000/-H64,H64)-(1-I64)*100 -> 13.47289 | K64: 7.5 | L64: -100 | M64: =IF(K64="","",SUMPRODUCT((COLUMN(Win_Probabilities!$F$1:$S$1)-COLUMN(Win_Probabilities!$F$1)>K64)*Win_Probabilities!$F68:$S68)) -> 0.58120261 | N64: =M64*IF(L64<0,10000/-L64,L64)-(1-M64)*100 -> 16.240521 | O64: 7.5 | P64: -106 | Q64: =IF(O64="","",SUMPRODUCT((COLUMN(Win_Probabilities!$F$1:$S$1)-COLUMN(Win_Probabilities!$F$1)>O64)*Win_Probabilities!$F68:$S68)) -> 0.58120261 | R64: =Q64*IF(P64<0,10000/-P64,P64)-(1-Q64)*100 -> 12.950695 | S64: =IF(F64=MAX(F64,J64,N64,R64),"BetMGM",IF(J64=MAX(F64,J64,N64,R64),"DraftKings",IF(N64=MAX(F64,J64,N64,R64),"FanDuel",IF(R64=MAX(F64,J64,N64,R64),"RiversCasino","")))) -> FanDuel | T64: =MAX(F64,J64,N64,R64) -> 16.240521 | U64: =MAX(C64,G64,K64,O64)-MIN(C64,G64,K64,O64) -> 0
A65: New Mexico | B65: =Win_Probabilities!E69 -> 8.141485 | C65: 7.5 | D65: -210 | E65: =IF(C65="","",SUMPRODUCT((COLUMN(Win_Probabilities!$F$1:$S$1)-COLUMN(Win_Probabilities!$F$1)>C65)*Win_Probabilities!$F69:$S69)) -> 0.68683252 | F65: =E65*IF(D65<0,10000/-D65,D65)-(1-E65)*100 -> 1.3895624 | G65: 8.5 | H65: 140 | I65: =IF(G65="","",SUMPRODUCT((COLUMN(Win_Probabilities!$F$1:$S$1)-COLUMN(Win_Probabilities!$F$1)>G65)*Win_Probabilities!$F69:$S69)) -> 0.41172631 | J65: =I65*IF(H65<0,10000/-H65,H65)-(1-I65)*100 -> -1.1856853 | K65: 8.5 | L65: 108 | M65: =IF(K65="","",SUMPRODUCT((COLUMN(Win_Probabilities!$F$1:$S$1)-COLUMN(Win_Probabilities!$F$1)>K65)*Win_Probabilities!$F69:$S69)) -> 0.41172631 | N65: =M65*IF(L65<0,10000/-L65,L65)-(1-M65)*100 -> -14.360927 | O65: 7.5 | P65: -200 | Q65: =IF(O65="","",SUMPRODUCT((COLUMN(Win_Probabilities!$F$1:$S$1)-COLUMN(Win_Probabilities!$F$1)>O65)*Win_Probabilities!$F69:$S69)) -> 0.68683252 | R65: =Q65*IF(P65<0,10000/-P65,P65)-(1-Q65)*100 -> 3.024878 | S65: =IF(F65=MAX(F65,J65,N65,R65),"BetMGM",IF(J65=MAX(F65,J65,N65,R65),"DraftKings",IF(N65=MAX(F65,J65,N65,R65),"FanDuel",IF(R65=MAX(F65,J65,N65,R65),"RiversCasino","")))) -> RiversCasino | T65: =MAX(F65,J65,N65,R65) -> 3.024878 | U65: =MAX(C65,G65,K65,O65)-MIN(C65,G65,K65,O65) -> 1
A66: Iowa St. | B66: =Win_Probabilities!E70 -> 5.153616 | C66: 4.5 | D66: -145 | E66: =IF(C66="","",SUMPRODUCT((COLUMN(Win_Probabilities!$F$1:$S$1)-COLUMN(Win_Probabilities!$F$1)>C66)*Win_Probabilities!$F70:$S70)) -> 0.66393851 | F66: =E66*IF(D66<0,10000/-D66,D66)-(1-E66)*100 -> 12.182713 | G66: 4.5 | H66: -136 | I66: =IF(G66="","",SUMPRODUCT((COLUMN(Win_Probabilities!$F$1:$S$1)-COLUMN(Win_Probabilities!$F$1)>G66)*Win_Probabilities!$F70:$S70)) -> 0.66393851 | J66: =I66*IF(H66<0,10000/-H66,H66)-(1-I66)*100 -> 15.212858 | K66: 4.5 | L66: -132 | M66: =IF(K66="","",SUMPRODUCT((COLUMN(Win_Probabilities!$F$1:$S$1)-COLUMN(Win_Probabilities!$F$1)>K66)*Win_Probabilities!$F70:$S70)) -> 0.66393851 | N66: =M66*IF(L66<0,10000/-L66,L66)-(1-M66)*100 -> 16.692222 | O66: 4.5 | P66: -159 | Q66: =IF(O66="","",SUMPRODUCT((COLUMN(Win_Probabilities!$F$1:$S$1)-COLUMN(Win_Probabilities!$F$1)>O66)*Win_Probabilities!$F70:$S70)) -> 0.66393851 | R66: =Q66*IF(P66<0,10000/-P66,P66)-(1-Q66)*100 -> 8.1509893 | S66: =IF(F66=MAX(F66,J66,N66,R66),"BetMGM",IF(J66=MAX(F66,J66,N66,R66),"DraftKings",IF(N66=MAX(F66,J66,N66,R66),"FanDuel",IF(R66=MAX(F66,J66,N66,R66),"RiversCasino","")))) -> FanDuel | T66: =MAX(F66,J66,N66,R66) -> 16.692222 | U66: =MAX(C66,G66,K66,O66)-MIN(C66,G66,K66,O66) -> 0
A67: JMU | B67: =Win_Probabilities!E71 -> 8.8864745 | C67: 8.5 | D67: -140 | E67: =IF(C67="","",SUMPRODUCT((COLUMN(Win_Probabilities!$F$1:$S$1)-COLUMN(Win_Probabilities!$F$1)>C67)*Win_Probabilities!$F71:$S71)) -> 0.62224893 | F67: =E67*IF(D67<0,10000/-D67,D67)-(1-E67)*100 -> 6.6712457 | G67: 8.5 | H67: -130 | I67: =IF(G67="","",SUMPRODUCT((COLUMN(Win_Probabilities!$F$1:$S$1)-COLUMN(Win_Probabilities!$F$1)>G67)*Win_Probabilities!$F71:$S71)) -> 0.62224893 | J67: =I67*IF(H67<0,10000/-H67,H67)-(1-I67)*100 -> 10.090196 | K67: 8.5 | L67: -142 | M67: =IF(K67="","",SUMPRODUCT((COLUMN(Win_Probabilities!$F$1:$S$1)-COLUMN(Win_Probabilities!$F$1)>K67)*Win_Probabilities!$F71:$S71)) -> 0.62224893 | N67: =M67*IF(L67<0,10000/-L67,L67)-(1-M67)*100 -> 6.0452408 | O67: 8.5 | P67: -137 | Q67: =IF(O67="","",SUMPRODUCT((COLUMN(Win_Probabilities!$F$1:$S$1)-COLUMN(Win_Probabilities!$F$1)>O67)*Win_Probabilities!$F71:$S71)) -> 0.62224893 | R67: =Q67*IF(P67<0,10000/-P67,P67)-(1-Q67)*100 -> 7.6445235 | S67: =IF(F67=MAX(F67,J67,N67,R67),"BetMGM",IF(J67=MAX(F67,J67,N67,R67),"DraftKings",IF(N67=MAX(F67,J67,N67,R67),"FanDuel",IF(R67=MAX(F67,J67,N67,R67),"RiversCasino","")))) -> DraftKings | T67: =MAX(F67,J67,N67,R67) -> 10.090196 | U67: =MAX(C67,G67,K67,O67)-MIN(C67,G67,K67,O67) -> 0
A68: UTSA | B68: =Win_Probabilities!E72 -> 7.5067373 | C68: 7.5 | D68: -145 | E68: =IF(C68="","",SUMPRODUCT((COLUMN(Win_Probabilities!$F$1:$S$1)-COLUMN(Win_Probabilities!$F$1)>C68)*Win_Probabilities!$F72:$S72)) -> 0.51236735 | F68: =E68*IF(D68<0,10000/-D68,D68)-(1-E68)*100 -> -13.427585 | G68: 7.5 | H68: -125 | I68: =IF(G68="","",SUMPRODUCT((COLUMN(Win_Probabilities!$F$1:$S$1)-COLUMN(Win_Probabilities!$F$1)>G68)*Win_Probabilities!$F72:$S72)) -> 0.51236735 | J68: =I68*IF(H68<0,10000/-H68,H68)-(1-I68)*100 -> -7.7738761 | K68: 7.5 | L68: -158 | M68: =IF(K68="","",SUMPRODUCT((COLUMN(Win_Probabilities!$F$1:$S$1)-COLUMN(Win_Probabilities!$F$1)>K68)*Win_Probabilities!$F72:$S72)) -> 0.51236735 | N68: =M68*IF(L68<0,10000/-L68,L68)-(1-M68)*100 -> -16.334951 | O68: 7.5 | P68: -130 | Q68: =IF(O68="","",SUMPRODUCT((COLUMN(Win_Probabilities!$F$1:$S$1)-COLUMN(Win_Probabilities!$F$1)>O68)*Win_Probabilities!$F72:$S72)) -> 0.51236735 | R68: =Q68*IF(P68<0,10000/-P68,P68)-(1-Q68)*100 -> -9.3503911 | S68: =IF(F68=MAX(F68,J68,N68,R68),"BetMGM",IF(J68=MAX(F68,J68,N68,R68),"DraftKings",IF(N68=MAX(F68,J68,N68,R68),"FanDuel",IF(R68=MAX(F68,J68,N68,R68),"RiversCasino","")))) -> DraftKings | T68: =MAX(F68,J68,N68,R68) -> -7.7738761 | U68: =MAX(C68,G68,K68,O68)-MIN(C68,G68,K68,O68) -> 0
A69: WVU | B69: =Win_Probabilities!E73 -> 4.8923539 | C69: 5.5 | D69: -175 | E69: =IF(C69="","",SUMPRODUCT((COLUMN(Win_Probabilities!$F$1:$S$1)-COLUMN(Win_Probabilities!$F$1)>C69)*Win_Probabilities!$F73:$S73)) -> 0.32953579 | F69: =E69*IF(D69<0,10000/-D69,D69)-(1-E69)*100 -> -48.215804 | G69: 5.5 | H69: -160 | I69: =IF(G69="","",SUMPRODUCT((COLUMN(Win_Probabilities!$F$1:$S$1)-COLUMN(Win_Probabilities!$F$1)>G69)*Win_Probabilities!$F73:$S73)) -> 0.32953579 | J69: =I69*IF(H69<0,10000/-H69,H69)-(1-I69)*100 -> -46.450434 | K69: 5.5 | L69: -170 | M69: =IF(K69="","",SUMPRODUCT((COLUMN(Win_Probabilities!$F$1:$S$1)-COLUMN(Win_Probabilities!$F$1)>K69)*Win_Probabilities!$F73:$S73)) -> 0.32953579 | N69: =M69*IF(L69<0,10000/-L69,L69)-(1-M69)*100 -> -47.661962 | O69: 5.5 | P69: -175 | Q69: =IF(O69="","",SUMPRODUCT((COLUMN(Win_Probabilities!$F$1:$S$1)-COLUMN(Win_Probabilities!$F$1)>O69)*Win_Probabilities!$F73:$S73)) -> 0.32953579 | R69: =Q69*IF(P69<0,10000/-P69,P69)-(1-Q69)*100 -> -48.215804 | S69: =IF(F69=MAX(F69,J69,N69,R69),"BetMGM",IF(J69=MAX(F69,J69,N69,R69),"DraftKings",IF(N69=MAX(F69,J69,N69,R69),"FanDuel",IF(R69=MAX(F69,J69,N69,R69),"RiversCasino","")))) -> DraftKings | T69: =MAX(F69,J69,N69,R69) -> -46.450434 | U69: =MAX(C69,G69,K69,O69)-MIN(C69,G69,K69,O69) -> 0
A70: Fresno St. | B70: =Win_Probabilities!E74 -> 6.9532168 | C70: 6.5 | D70: -150 | E70: =IF(C70="","",SUMPRODUCT((COLUMN(Win_Probabilities!$F$1:$S$1)-COLUMN(Win_Probabilities!$F$1)>C70)*Win_Probabilities!$F74:$S74)) -> 0.622135 | F70: =E70*IF(D70<0,10000/-D70,D70)-(1-E70)*100 -> 3.689167 | G70: 7.5 | H70: 170 | I70: =IF(G70="","",SUMPRODUCT((COLUMN(Win_Probabilities!$F$1:$S$1)-COLUMN(Win_Probabilities!$F$1)>G70)*Win_Probabilities!$F74:$S74)) -> 0.36354957 | J70: =I70*IF(H70<0,10000/-H70,H70)-(1-I70)*100 -> -1.841615 | K70: 6.5 | L70: -144 | M70: =IF(K70="","",SUMPRODUCT((COLUMN(Win_Probabilities!$F$1:$S$1)-COLUMN(Win_Probabilities!$F$1)>K70)*Win_Probabilities!$F74:$S74)) -> 0.622135 | N70: =M70*IF(L70<0,10000/-L70,L70)-(1-M70)*100 -> 5.4173198 | O70: 6.5 | P70: -143 | Q70: =IF(O70="","",SUMPRODUCT((COLUMN(Win_Probabilities!$F$1:$S$1)-COLUMN(Win_Probabilities!$F$1)>O70)*Win_Probabilities!$F74:$S74)) -> 0.622135 | R70: =Q70*IF(P70<0,10000/-P70,P70)-(1-Q70)*100 -> 5.7194444 | S70: =IF(F70=MAX(F70,J70,N70,R70),"BetMGM",IF(J70=MAX(F70,J70,N70,R70),"DraftKings",IF(N70=MAX(F70,J70,N70,R70),"FanDuel",IF(R70=MAX(F70,J70,N70,R70),"RiversCasino","")))) -> RiversCasino | T70: =MAX(F70,J70,N70,R70) -> 5.7194444 | U70: =MAX(C70,G70,K70,O70)-MIN(C70,G70,K70,O70) -> 1
A71: USF | B71: =Win_Probabilities!E75 -> 8.1261067 | C71: 8.5 | D71: 115 | E71: =IF(C71="","",SUMPRODUCT((COLUMN(Win_Probabilities!$F$1:$S$1)-COLUMN(Win_Probabilities!$F$1)>C71)*Win_Probabilities!$F75:$S75)) -> 0.40827216 | F71: =E71*IF(D71<0,10000/-D71,D71)-(1-E71)*100 -> -12.221485 | G71: 8.5 | H71: 115 | I71: =IF(G71="","",SUMPRODUCT((COLUMN(Win_Probabilities!$F$1:$S$1)-COLUMN(Win_Probabilities!$F$1)>G71)*Win_Probabilities!$F75:$S75)) -> 0.40827216 | J71: =I71*IF(H71<0,10000/-H71,H71)-(1-I71)*100 -> -12.221485 | K71: 8.5 | L71: 110 | M71: =IF(K71="","",SUMPRODUCT((COLUMN(Win_Probabilities!$F$1:$S$1)-COLUMN(Win_Probabilities!$F$1)>K71)*Win_Probabilities!$F75:$S75)) -> 0.40827216 | N71: =M71*IF(L71<0,10000/-L71,L71)-(1-M71)*100 -> -14.262846 | O71: 8.5 | P71: 115 | Q71: =IF(O71="","",SUMPRODUCT((COLUMN(Win_Probabilities!$F$1:$S$1)-COLUMN(Win_Probabilities!$F$1)>O71)*Win_Probabilities!$F75:$S75)) -> 0.40827216 | R71: =Q71*IF(P71<0,10000/-P71,P71)-(1-Q71)*100 -> -12.221485 | S71: =IF(F71=MAX(F71,J71,N71,R71),"BetMGM",IF(J71=MAX(F71,J71,N71,R71),"DraftKings",IF(N71=MAX(F71,J71,N71,R71),"FanDuel",IF(R71=MAX(F71,J71,N71,R71),"RiversCasino","")))) -> BetMGM | T71: =MAX(F71,J71,N71,R71) -> -12.221485 | U71: =MAX(C71,G71,K71,O71)-MIN(C71,G71,K71,O71) -> 0
A72: NDSU | B72: =Win_Probabilities!E76 -> 8.2879049 | C72: 9.5 | D72: 175 | E72: =IF(C72="","",SUMPRODUCT((COLUMN(Win_Probabilities!$F$1:$S$1)-COLUMN(Win_Probabilities!$F$1)>C72)*Win_Probabilities!$F76:$S76)) -> 0.19608246 | F72: =E72*IF(D72<0,10000/-D72,D72)-(1-E72)*100 -> -46.077323 | G72: 8.5 | H72: -170 | I72: =IF(G72="","",SUMPRODUCT((COLUMN(Win_Probabilities!$F$1:$S$1)-COLUMN(Win_Probabilities!$F$1)>G72)*Win_Probabilities!$F76:$S76)) -> 0.45050387 | J72: =I72*IF(H72<0,10000/-H72,H72)-(1-I72)*100 -> -28.449386 | K72: 8.5 | L72: -148 | M72: =IF(K72="","",SUMPRODUCT((COLUMN(Win_Probabilities!$F$1:$S$1)-COLUMN(Win_Probabilities!$F$1)>K72)*Win_Probabilities!$F76:$S76)) -> 0.45050387 | N72: =M72*IF(L72<0,10000/-L72,L72)-(1-M72)*100 -> -24.510163 | O72: — | S72: =IF(F72=MAX(F72,J72,N72),"BetMGM",IF(J72=MAX(F72,J72,N72),"DraftKings",IF(N72=MAX(F72,J72,N72),"FanDuel",""))) -> FanDuel | T72: =MAX(F72,J72,N72) -> -24.510163 | U72: =MAX(C72,G72,K72)-MIN(C72,G72,K72) -> 1
A73: Syracuse | B73: =Win_Probabilities!E77 -> 4.333179 | C73: 4.5 | D73: -120 | E73: =IF(C73="","",SUMPRODUCT((COLUMN(Win_Probabilities!$F$1:$S$1)-COLUMN(Win_Probabilities!$F$1)>C73)*Win_Probabilities!$F77:$S77)) -> 0.4402736 | F73: =E73*IF(D73<0,10000/-D73,D73)-(1-E73)*100 -> -19.283174 | G73: 4.5 | H73: -105 | I73: =IF(G73="","",SUMPRODUCT((COLUMN(Win_Probabilities!$F$1:$S$1)-COLUMN(Win_Probabilities!$F$1)>G73)*Win_Probabilities!$F77:$S77)) -> 0.4402736 | J73: =I73*IF(H73<0,10000/-H73,H73)-(1-I73)*100 -> -14.041821 | K73: 4.5 | L73: -120 | M73: =IF(K73="","",SUMPRODUCT((COLUMN(Win_Probabilities!$F$1:$S$1)-COLUMN(Win_Probabilities!$F$1)>K73)*Win_Probabilities!$F77:$S77)) -> 0.4402736 | N73: =M73*IF(L73<0,10000/-L73,L73)-(1-M73)*100 -> -19.283174 | O73: 4.5 | P73: -113 | Q73: =IF(O73="","",SUMPRODUCT((COLUMN(Win_Probabilities!$F$1:$S$1)-COLUMN(Win_Probabilities!$F$1)>O73)*Win_Probabilities!$F77:$S77)) -> 0.4402736 | R73: =Q73*IF(P73<0,10000/-P73,P73)-(1-Q73)*100 -> -17.010375 | S73: =IF(F73=MAX(F73,J73,N73,R73),"BetMGM",IF(J73=MAX(F73,J73,N73,R73),"DraftKings",IF(N73=MAX(F73,J73,N73,R73),"FanDuel",IF(R73=MAX(F73,J73,N73,R73),"RiversCasino","")))) -> DraftKings | T73: =MAX(F73,J73,N73,R73) -> -14.041821 | U73: =MAX(C73,G73,K73,O73)-MIN(C73,G73,K73,O73) -> 0
A74: Texas St. | B74: =Win_Probabilities!E78 -> 6.7935671 | C74: 6.5 | D74: 100 | E74: =IF(C74="","",SUMPRODUCT((COLUMN(Win_Probabilities!$F$1:$S$1)-COLUMN(Win_Probabilities!$F$1)>C74)*Win_Probabilities!$F78:$S78)) -> 0.58306311 | F74: =E74*IF(D74<0,10000/-D74,D74)-(1-E74)*100 -> 16.612622 | G74: 6.5 | H74: 120 | I74: =IF(G74="","",SUMPRODUCT((COLUMN(Win_Probabilities!$F$1:$S$1)-COLUMN(Win_Probabilities!$F$1)>G74)*Win_Probabilities!$F78:$S78)) -> 0.58306311 | J74: =I74*IF(H74<0,10000/-H74,H74)-(1-I74)*100 -> 28.273884 | K74: 6.5 | L74: -104 | M74: =IF(K74="","",SUMPRODUCT((COLUMN(Win_Probabilities!$F$1:$S$1)-COLUMN(Win_Probabilities!$F$1)>K74)*Win_Probabilities!$F78:$S78)) -> 0.58306311 | N74: =M74*IF(L74<0,10000/-L74,L74)-(1-M74)*100 -> 14.370071 | O74: 6.5 | P74: -122 | Q74: =IF(O74="","",SUMPRODUCT((COLUMN(Win_Probabilities!$F$1:$S$1)-COLUMN(Win_Probabilities!$F$1)>O74)*Win_Probabilities!$F78:$S78)) -> 0.58306311 | R74: =Q74*IF(P74<0,10000/-P74,P74)-(1-Q74)*100 -> 6.098369 | S74: =IF(F74=MAX(F74,J74,N74,R74),"BetMGM",IF(J74=MAX(F74,J74,N74,R74),"DraftKings",IF(N74=MAX(F74,J74,N74,R74),"FanDuel",IF(R74=MAX(F74,J74,N74,R74),"RiversCasino","")))) -> DraftKings | T74: =MAX(F74,J74,N74,R74) -> 28.273884 | U74: =MAX(C74,G74,K74,O74)-MIN(C74,G74,K74,O74) -> 0
A75: ECU | B75: =Win_Probabilities!E81 -> 7.6570945 | C75: 7.5 | D75: 135 | E75: =IF(C75="","",SUMPRODUCT((COLUMN(Win_Probabilities!$F$1:$S$1)-COLUMN(Win_Probabilities!$F$1)>C75)*Win_Probabilities!$F81:$S81)) -> 0.55357447 | F75: =E75*IF(D75<0,10000/-D75,D75)-(1-E75)*100 -> 30.090001 | G75: 7.5 | H75: 125 | I75: =IF(G75="","",SUMPRODUCT((COLUMN(Win_Probabilities!$F$1:$S$1)-COLUMN(Win_Probabilities!$F$1)>G75)*Win_Probabilities!$F81:$S81)) -> 0.55357447 | J75: =I75*IF(H75<0,10000/-H75,H75)-(1-I75)*100 -> 24.554256 | K75: 7.5 | L75: 120 | M75: =IF(K75="","",SUMPRODUCT((COLUMN(Win_Probabilities!$F$1:$S$1)-COLUMN(Win_Probabilities!$F$1)>K75)*Win_Probabilities!$F81:$S81)) -> 0.55357447 | N75: =M75*IF(L75<0,10000/-L75,L75)-(1-M75)*100 -> 21.786383 | O75: 7.5 | P75: 115 | Q75: =IF(O75="","",SUMPRODUCT((COLUMN(Win_Probabilities!$F$1:$S$1)-COLUMN(Win_Probabilities!$F$1)>O75)*Win_Probabilities!$F81:$S81)) -> 0.55357447 | R75: =Q75*IF(P75<0,10000/-P75,P75)-(1-Q75)*100 -> 19.018511 | S75: =IF(F75=MAX(F75,J75,N75,R75),"BetMGM",IF(J75=MAX(F75,J75,N75,R75),"DraftKings",IF(N75=MAX(F75,J75,N75,R75),"FanDuel",IF(R75=MAX(F75,J75,N75,R75),"RiversCasino","")))) -> BetMGM | T75: =MAX(F75,J75,N75,R75) -> 30.090001 | U75: =MAX(C75,G75,K75,O75)-MIN(C75,G75,K75,O75) -> 0
A76: Army | B76: =Win_Probabilities!E82 -> 7.1565272 | C76: 7.5 | D76: -125 | E76: =IF(C76="","",SUMPRODUCT((COLUMN(Win_Probabilities!$F$1:$S$1)-COLUMN(Win_Probabilities!$F$1)>C76)*Win_Probabilities!$F82:$S82)) -> 0.42218234 | F76: =E76*IF(D76<0,10000/-D76,D76)-(1-E76)*100 -> -24.007178 | G76: 7.5 | H76: -140 | I76: =IF(G76="","",SUMPRODUCT((COLUMN(Win_Probabilities!$F$1:$S$1)-COLUMN(Win_Probabilities!$F$1)>G76)*Win_Probabilities!$F82:$S82)) -> 0.42218234 | J76: =I76*IF(H76<0,10000/-H76,H76)-(1-I76)*100 -> -27.625884 | K76: 7.5 | L76: -122 | M76: =IF(K76="","",SUMPRODUCT((COLUMN(Win_Probabilities!$F$1:$S$1)-COLUMN(Win_Probabilities!$F$1)>K76)*Win_Probabilities!$F82:$S82)) -> 0.42218234 | N76: =M76*IF(L76<0,10000/-L76,L76)-(1-M76)*100 -> -23.176655 | O76: 7.5 | P76: -120 | Q76: =IF(O76="","",SUMPRODUCT((COLUMN(Win_Probabilities!$F$1:$S$1)-COLUMN(Win_Probabilities!$F$1)>O76)*Win_Probabilities!$F82:$S82)) -> 0.42218234 | R76: =Q76*IF(P76<0,10000/-P76,P76)-(1-Q76)*100 -> -22.599904 | S76: =IF(F76=MAX(F76,J76,N76,R76),"BetMGM",IF(J76=MAX(F76,J76,N76,R76),"DraftKings",IF(N76=MAX(F76,J76,N76,R76),"FanDuel",IF(R76=MAX(F76,J76,N76,R76),"RiversCasino","")))) -> RiversCasino | T76: =MAX(F76,J76,N76,R76) -> -22.599904 | U76: =MAX(C76,G76,K76,O76)-MIN(C76,G76,K76,O76) -> 0
A77: Hawaii | B77: =Win_Probabilities!E84 -> 7.6694187 | C77: 7.5 | D77: 140 | E77: =IF(C77="","",SUMPRODUCT((COLUMN(Win_Probabilities!$F$1:$S$1)-COLUMN(Win_Probabilities!$F$1)>C77)*Win_Probabilities!$F84:$S84)) -> 0.55267404 | F77: =E77*IF(D77<0,10000/-D77,D77)-(1-E77)*100 -> 32.641769 | G77: 7.5 | H77: 120 | I77: =IF(G77="","",SUMPRODUCT((COLUMN(Win_Probabilities!$F$1:$S$1)-COLUMN(Win_Probabilities!$F$1)>G77)*Win_Probabilities!$F84:$S84)) -> 0.55267404 | J77: =I77*IF(H77<0,10000/-H77,H77)-(1-I77)*100 -> 21.588288 | K77: 7.5 | L77: 132 | M77: =IF(K77="","",SUMPRODUCT((COLUMN(Win_Probabilities!$F$1:$S$1)-COLUMN(Win_Probabilities!$F$1)>K77)*Win_Probabilities!$F84:$S84)) -> 0.55267404 | N77: =M77*IF(L77<0,10000/-L77,L77)-(1-M77)*100 -> 28.220377 | O77: 7.5 | P77: 121 | Q77: =IF(O77="","",SUMPRODUCT((COLUMN(Win_Probabilities!$F$1:$S$1)-COLUMN(Win_Probabilities!$F$1)>O77)*Win_Probabilities!$F84:$S84)) -> 0.55267404 | R77: =Q77*IF(P77<0,10000/-P77,P77)-(1-Q77)*100 -> 22.140962 | S77: =IF(F77=MAX(F77,J77,N77,R77),"BetMGM",IF(J77=MAX(F77,J77,N77,R77),"DraftKings",IF(N77=MAX(F77,J77,N77,R77),"FanDuel",IF(R77=MAX(F77,J77,N77,R77),"RiversCasino","")))) -> BetMGM | T77: =MAX(F77,J77,N77,R77) -> 32.641769 | U77: =MAX(C77,G77,K77,O77)-MIN(C77,G77,K77,O77) -> 0
A78: Air Force | B78: =Win_Probabilities!E85 -> 7.6462592 | C78: 7.5 | D78: -110 | E78: =IF(C78="","",SUMPRODUCT((COLUMN(Win_Probabilities!$F$1:$S$1)-COLUMN(Win_Probabilities!$F$1)>C78)*Win_Probabilities!$F85:$S85)) -> 0.54471709 | F78: =E78*IF(D78<0,10000/-D78,D78)-(1-E78)*100 -> 3.9914453 | G78: 7.5 | H78: 120 | I78: =IF(G78="","",SUMPRODUCT((COLUMN(Win_Probabilities!$F$1:$S$1)-COLUMN(Win_Probabilities!$F$1)>G78)*Win_Probabilities!$F85:$S85)) -> 0.54471709 | J78: =I78*IF(H78<0,10000/-H78,H78)-(1-I78)*100 -> 19.837761 | K78: 7.5 | L78: 104 | M78: =IF(K78="","",SUMPRODUCT((COLUMN(Win_Probabilities!$F$1:$S$1)-COLUMN(Win_Probabilities!$F$1)>K78)*Win_Probabilities!$F85:$S85)) -> 0.54471709 | N78: =M78*IF(L78<0,10000/-L78,L78)-(1-M78)*100 -> 11.122287 | O78: 7.5 | P78: 100 | Q78: =IF(O78="","",SUMPRODUCT((COLUMN(Win_Probabilities!$F$1:$S$1)-COLUMN(Win_Probabilities!$F$1)>O78)*Win_Probabilities!$F85:$S85)) -> 0.54471709 | R78: =Q78*IF(P78<0,10000/-P78,P78)-(1-Q78)*100 -> 8.9434189 | S78: =IF(F78=MAX(F78,J78,N78,R78),"BetMGM",IF(J78=MAX(F78,J78,N78,R78),"DraftKings",IF(N78=MAX(F78,J78,N78,R78),"FanDuel",IF(R78=MAX(F78,J78,N78,R78),"RiversCasino","")))) -> DraftKings | T78: =MAX(F78,J78,N78,R78) -> 19.837761 | U78: =MAX(C78,G78,K78,O78)-MIN(C78,G78,K78,O78) -> 0
A79: Miami-OH | B79: =Win_Probabilities!E86 -> 8.4678167 | C79: 7.5 | D79: -110 | E79: =IF(C79="","",SUMPRODUCT((COLUMN(Win_Probabilities!$F$1:$S$1)-COLUMN(Win_Probabilities!$F$1)>C79)*Win_Probabilities!$F86:$S86)) -> 0.76945139 | F79: =E79*IF(D79<0,10000/-D79,D79)-(1-E79)*100 -> 46.895265 | G79: 7.5 | H79: 105 | I79: =IF(G79="","",SUMPRODUCT((COLUMN(Win_Probabilities!$F$1:$S$1)-COLUMN(Win_Probabilities!$F$1)>G79)*Win_Probabilities!$F86:$S86)) -> 0.76945139 | J79: =I79*IF(H79<0,10000/-H79,H79)-(1-I79)*100 -> 57.737534 | K79: 7.5 | L79: -138 | M79: =IF(K79="","",SUMPRODUCT((COLUMN(Win_Probabilities!$F$1:$S$1)-COLUMN(Win_Probabilities!$F$1)>K79)*Win_Probabilities!$F86:$S86)) -> 0.76945139 | N79: =M79*IF(L79<0,10000/-L79,L79)-(1-M79)*100 -> 32.702485 | O79: 7.5 | P79: 105 | Q79: =IF(O79="","",SUMPRODUCT((COLUMN(Win_Probabilities!$F$1:$S$1)-COLUMN(Win_Probabilities!$F$1)>O79)*Win_Probabilities!$F86:$S86)) -> 0.76945139 | R79: =Q79*IF(P79<0,10000/-P79,P79)-(1-Q79)*100 -> 57.737534 | S79: =IF(F79=MAX(F79,J79,N79,R79),"BetMGM",IF(J79=MAX(F79,J79,N79,R79),"DraftKings",IF(N79=MAX(F79,J79,N79,R79),"FanDuel",IF(R79=MAX(F79,J79,N79,R79),"RiversCasino","")))) -> DraftKings | T79: =MAX(F79,J79,N79,R79) -> 57.737534 | U79: =MAX(C79,G79,K79,O79)-MIN(C79,G79,K79,O79) -> 0
A80: Wash. St. | B80: =Win_Probabilities!E87 -> 5.3219415 | C80: 5.5 | D80: 120 | E80: =IF(C80="","",SUMPRODUCT((COLUMN(Win_Probabilities!$F$1:$S$1)-COLUMN(Win_Probabilities!$F$1)>C80)*Win_Probabilities!$F87:$S87)) -> 0.44654087 | F80: =E80*IF(D80<0,10000/-D80,D80)-(1-E80)*100 -> -1.7610083 | G80: 5.5 | H80: 134 | I80: =IF(G80="","",SUMPRODUCT((COLUMN(Win_Probabilities!$F$1:$S$1)-COLUMN(Win_Probabilities!$F$1)>G80)*Win_Probabilities!$F87:$S87)) -> 0.44654087 | J80: =I80*IF(H80<0,10000/-H80,H80)-(1-I80)*100 -> 4.4905639 | K80: 5.5 | L80: 118 | M80: =IF(K80="","",SUMPRODUCT((COLUMN(Win_Probabilities!$F$1:$S$1)-COLUMN(Win_Probabilities!$F$1)>K80)*Win_Probabilities!$F87:$S87)) -> 0.44654087 | N80: =M80*IF(L80<0,10000/-L80,L80)-(1-M80)*100 -> -2.6540901 | O80: 5.5 | P80: 114 | Q80: =IF(O80="","",SUMPRODUCT((COLUMN(Win_Probabilities!$F$1:$S$1)-COLUMN(Win_Probabilities!$F$1)>O80)*Win_Probabilities!$F87:$S87)) -> 0.44654087 | R80: =Q80*IF(P80<0,10000/-P80,P80)-(1-Q80)*100 -> -4.4402536 | S80: =IF(F80=MAX(F80,J80,N80,R80),"BetMGM",IF(J80=MAX(F80,J80,N80,R80),"DraftKings",IF(N80=MAX(F80,J80,N80,R80),"FanDuel",IF(R80=MAX(F80,J80,N80,R80),"RiversCasino","")))) -> DraftKings | T80: =MAX(F80,J80,N80,R80) -> 4.4905639 | U80: =MAX(C80,G80,K80,O80)-MIN(C80,G80,K80,O80) -> 0
A81: Tulane | B81: =Win_Probabilities!E88 -> 6.6425945 | C81: 7.5 | D81: 130 | E81: =IF(C81="","",SUMPRODUCT((COLUMN(Win_Probabilities!$F$1:$S$1)-COLUMN(Win_Probabilities!$F$1)>C81)*Win_Probabilities!$F88:$S88)) -> 0.28695003 | F81: =E81*IF(D81<0,10000/-D81,D81)-(1-E81)*100 -> -34.001492 | G81: 7.5 | H81: 120 | I81: =IF(G81="","",SUMPRODUCT((COLUMN(Win_Probabilities!$F$1:$S$1)-COLUMN(Win_Probabilities!$F$1)>G81)*Win_Probabilities!$F88:$S88)) -> 0.28695003 | J81: =I81*IF(H81<0,10000/-H81,H81)-(1-I81)*100 -> -36.870992 | K81: 7.5 | L81: 116 | M81: =IF(K81="","",SUMPRODUCT((COLUMN(Win_Probabilities!$F$1:$S$1)-COLUMN(Win_Probabilities!$F$1)>K81)*Win_Probabilities!$F88:$S88)) -> 0.28695003 | N81: =M81*IF(L81<0,10000/-L81,L81)-(1-M81)*100 -> -38.018793 | O81: 7.5 | P81: 120 | Q81: =IF(O81="","",SUMPRODUCT((COLUMN(Win_Probabilities!$F$1:$S$1)-COLUMN(Win_Probabilities!$F$1)>O81)*Win_Probabilities!$F88:$S88)) -> 0.28695003 | R81: =Q81*IF(P81<0,10000/-P81,P81)-(1-Q81)*100 -> -36.870992 | S81: =IF(F81=MAX(F81,J81,N81,R81),"BetMGM",IF(J81=MAX(F81,J81,N81,R81),"DraftKings",IF(N81=MAX(F81,J81,N81,R81),"FanDuel",IF(R81=MAX(F81,J81,N81,R81),"RiversCasino","")))) -> BetMGM | T81: =MAX(F81,J81,N81,R81) -> -34.001492 | U81: =MAX(C81,G81,K81,O81)-MIN(C81,G81,K81,O81) -> 0
A82: Liberty | B82: =Win_Probabilities!E89 -> 8.8865837 | C82: 8.5 | D82: 105 | E82: =IF(C82="","",SUMPRODUCT((COLUMN(Win_Probabilities!$F$1:$S$1)-COLUMN(Win_Probabilities!$F$1)>C82)*Win_Probabilities!$F89:$S89)) -> 0.62429562 | F82: =E82*IF(D82<0,10000/-D82,D82)-(1-E82)*100 -> 27.980603 | G82: 8.5 | H82: 110 | I82: =IF(G82="","",SUMPRODUCT((COLUMN(Win_Probabilities!$F$1:$S$1)-COLUMN(Win_Probabilities!$F$1)>G82)*Win_Probabilities!$F89:$S89)) -> 0.62429562 | J82: =I82*IF(H82<0,10000/-H82,H82)-(1-I82)*100 -> 31.102081 | K82: 8.5 | L82: -114 | M82: =IF(K82="","",SUMPRODUCT((COLUMN(Win_Probabilities!$F$1:$S$1)-COLUMN(Win_Probabilities!$F$1)>K82)*Win_Probabilities!$F89:$S89)) -> 0.62429562 | N82: =M82*IF(L82<0,10000/-L82,L82)-(1-M82)*100 -> 17.192336 | O82: 8.5 | P82: 110 | Q82: =IF(O82="","",SUMPRODUCT((COLUMN(Win_Probabilities!$F$1:$S$1)-COLUMN(Win_Probabilities!$F$1)>O82)*Win_Probabilities!$F89:$S89)) -> 0.62429562 | R82: =Q82*IF(P82<0,10000/-P82,P82)-(1-Q82)*100 -> 31.102081 | S82: =IF(F82=MAX(F82,J82,N82,R82),"BetMGM",IF(J82=MAX(F82,J82,N82,R82),"DraftKings",IF(N82=MAX(F82,J82,N82,R82),"FanDuel",IF(R82=MAX(F82,J82,N82,R82),"RiversCasino","")))) -> DraftKings | T82: =MAX(F82,J82,N82,R82) -> 31.102081 | U82: =MAX(C82,G82,K82,O82)-MIN(C82,G82,K82,O82) -> 0
A83: Oregon St. | B83: =Win_Probabilities!E90 -> 5.3197999 | C83: 4.5 | D83: 120 | E83: =IF(C83="","",SUMPRODUCT((COLUMN(Win_Probabilities!$F$1:$S$1)-COLUMN(Win_Probabilities!$F$1)>C83)*Win_Probabilities!$F90:$S90)) -> 0.70087477 | F83: =E83*IF(D83<0,10000/-D83,D83)-(1-E83)*100 -> 54.19245 | G83: 4.5 | H83: 154 | I83: =IF(G83="","",SUMPRODUCT((COLUMN(Win_Probabilities!$F$1:$S$1)-COLUMN(Win_Probabilities!$F$1)>G83)*Win_Probabilities!$F90:$S90)) -> 0.70087477 | J83: =I83*IF(H83<0,10000/-H83,H83)-(1-I83)*100 -> 78.022192 | K83: 4.5 | L83: 108 | M83: =IF(K83="","",SUMPRODUCT((COLUMN(Win_Probabilities!$F$1:$S$1)-COLUMN(Win_Probabilities!$F$1)>K83)*Win_Probabilities!$F90:$S90)) -> 0.70087477 | N83: =M83*IF(L83<0,10000/-L83,L83)-(1-M83)*100 -> 45.781952 | O83: 4.5 | P83: 108 | Q83: =IF(O83="","",SUMPRODUCT((COLUMN(Win_Probabilities!$F$1:$S$1)-COLUMN(Win_Probabilities!$F$1)>O83)*Win_Probabilities!$F90:$S90)) -> 0.70087477 | R83: =Q83*IF(P83<0,10000/-P83,P83)-(1-Q83)*100 -> 45.781952 | S83: =IF(F83=MAX(F83,J83,N83,R83),"BetMGM",IF(J83=MAX(F83,J83,N83,R83),"DraftKings",IF(N83=MAX(F83,J83,N83,R83),"FanDuel",IF(R83=MAX(F83,J83,N83,R83),"RiversCasino","")))) -> DraftKings | T83: =MAX(F83,J83,N83,R83) -> 78.022192 | U83: =MAX(C83,G83,K83,O83)-MIN(C83,G83,K83,O83) -> 0
A84: WMU | B84: =Win_Probabilities!E91 -> 7.4282627 | C84: 7.5 | D84: 145 | E84: =IF(C84="","",SUMPRODUCT((COLUMN(Win_Probabilities!$F$1:$S$1)-COLUMN(Win_Probabilities!$F$1)>C84)*Win_Probabilities!$F91:$S91)) -> 0.49212677 | F84: =E84*IF(D84<0,10000/-D84,D84)-(1-E84)*100 -> 20.571059 | G84: 7.5 | H84: 125 | I84: =IF(G84="","",SUMPRODUCT((COLUMN(Win_Probabilities!$F$1:$S$1)-COLUMN(Win_Probabilities!$F$1)>G84)*Win_Probabilities!$F91:$S91)) -> 0.49212677 | J84: =I84*IF(H84<0,10000/-H84,H84)-(1-I84)*100 -> 10.728524 | K84: 7.5 | L84: 128 | M84: =IF(K84="","",SUMPRODUCT((COLUMN(Win_Probabilities!$F$1:$S$1)-COLUMN(Win_Probabilities!$F$1)>K84)*Win_Probabilities!$F91:$S91)) -> 0.49212677 | N84: =M84*IF(L84<0,10000/-L84,L84)-(1-M84)*100 -> 12.204904 | O84: 7.5 | P84: 125 | Q84: =IF(O84="","",SUMPRODUCT((COLUMN(Win_Probabilities!$F$1:$S$1)-COLUMN(Win_Probabilities!$F$1)>O84)*Win_Probabilities!$F91:$S91)) -> 0.49212677 | R84: =Q84*IF(P84<0,10000/-P84,P84)-(1-Q84)*100 -> 10.728524 | S84: =IF(F84=MAX(F84,J84,N84,R84),"BetMGM",IF(J84=MAX(F84,J84,N84,R84),"DraftKings",IF(N84=MAX(F84,J84,N84,R84),"FanDuel",IF(R84=MAX(F84,J84,N84,R84),"RiversCasino","")))) -> BetMGM | T84: =MAX(F84,J84,N84,R84) -> 20.571059 | U84: =MAX(C84,G84,K84,O84)-MIN(C84,G84,K84,O84) -> 0
A85: FAU | B85: =Win_Probabilities!E92 -> 6.4589117 | C85: 5.5 | D85: -160 | E85: =IF(C85="","",SUMPRODUCT((COLUMN(Win_Probabilities!$F$1:$S$1)-COLUMN(Win_Probabilities!$F$1)>C85)*Win_Probabilities!$F92:$S92)) -> 0.74119212 | F85: =E85*IF(D85<0,10000/-D85,D85)-(1-E85)*100 -> 20.44372 | G85: 5.5 | H85: -160 | I85: =IF(G85="","",SUMPRODUCT((COLUMN(Win_Probabilities!$F$1:$S$1)-COLUMN(Win_Probabilities!$F$1)>G85)*Win_Probabilities!$F92:$S92)) -> 0.74119212 | J85: =I85*IF(H85<0,10000/-H85,H85)-(1-I85)*100 -> 20.44372 | K85: 6.5 | L85: 112 | M85: =IF(K85="","",SUMPRODUCT((COLUMN(Win_Probabilities!$F$1:$S$1)-COLUMN(Win_Probabilities!$F$1)>K85)*Win_Probabilities!$F92:$S92)) -> 0.48809244 | N85: =M85*IF(L85<0,10000/-L85,L85)-(1-M85)*100 -> 3.4755971 | O85: 5.5 | P85: -167 | Q85: =IF(O85="","",SUMPRODUCT((COLUMN(Win_Probabilities!$F$1:$S$1)-COLUMN(Win_Probabilities!$F$1)>O85)*Win_Probabilities!$F92:$S92)) -> 0.74119212 | R85: =Q85*IF(P85<0,10000/-P85,P85)-(1-Q85)*100 -> 18.501974 | S85: =IF(F85=MAX(F85,J85,N85,R85),"BetMGM",IF(J85=MAX(F85,J85,N85,R85),"DraftKings",IF(N85=MAX(F85,J85,N85,R85),"FanDuel",IF(R85=MAX(F85,J85,N85,R85),"RiversCasino","")))) -> BetMGM | T85: =MAX(F85,J85,N85,R85) -> 20.44372 | U85: =MAX(C85,G85,K85,O85)-MIN(C85,G85,K85,O85) -> 1
A86: Tulsa | B86: =Win_Probabilities!E93 -> 6.5610507 | C86: 5.5 | D86: -140 | E86: =IF(C86="","",SUMPRODUCT((COLUMN(Win_Probabilities!$F$1:$S$1)-COLUMN(Win_Probabilities!$F$1)>C86)*Win_Probabilities!$F93:$S93)) -> 0.7664834 | F86: =E86*IF(D86<0,10000/-D86,D86)-(1-E86)*100 -> 31.397154 | G86: 5.5 | H86: -130 | I86: =IF(G86="","",SUMPRODUCT((COLUMN(Win_Probabilities!$F$1:$S$1)-COLUMN(Win_Probabilities!$F$1)>G86)*Win_Probabilities!$F93:$S93)) -> 0.7664834 | J86: =I86*IF(H86<0,10000/-H86,H86)-(1-I86)*100 -> 35.608601 | K86: 5.5 | L86: -144 | M86: =IF(K86="","",SUMPRODUCT((COLUMN(Win_Probabilities!$F$1:$S$1)-COLUMN(Win_Probabilities!$F$1)>K86)*Win_Probabilities!$F93:$S93)) -> 0.7664834 | N86: =M86*IF(L86<0,10000/-L86,L86)-(1-M86)*100 -> 29.876353 | O86: 5.5 | P86: -130 | Q86: =IF(O86="","",SUMPRODUCT((COLUMN(Win_Probabilities!$F$1:$S$1)-COLUMN(Win_Probabilities!$F$1)>O86)*Win_Probabilities!$F93:$S93)) -> 0.7664834 | R86: =Q86*IF(P86<0,10000/-P86,P86)-(1-Q86)*100 -> 35.608601 | S86: =IF(F86=MAX(F86,J86,N86,R86),"BetMGM",IF(J86=MAX(F86,J86,N86,R86),"DraftKings",IF(N86=MAX(F86,J86,N86,R86),"FanDuel",IF(R86=MAX(F86,J86,N86,R86),"RiversCasino","")))) -> DraftKings | T86: =MAX(F86,J86,N86,R86) -> 35.608601 | U86: =MAX(C86,G86,K86,O86)-MIN(C86,G86,K86,O86) -> 0
A87: ODU | B87: =Win_Probabilities!E94 -> 7.2306232 | C87: 7.5 | D87: -120 | E87: =IF(C87="","",SUMPRODUCT((COLUMN(Win_Probabilities!$F$1:$S$1)-COLUMN(Win_Probabilities!$F$1)>C87)*Win_Probabilities!$F94:$S94)) -> 0.43458086 | F87: =E87*IF(D87<0,10000/-D87,D87)-(1-E87)*100 -> -20.326842 | G87: 7.5 | H87: -120 | I87: =IF(G87="","",SUMPRODUCT((COLUMN(Win_Probabilities!$F$1:$S$1)-COLUMN(Win_Probabilities!$F$1)>G87)*Win_Probabilities!$F94:$S94)) -> 0.43458086 | J87: =I87*IF(H87<0,10000/-H87,H87)-(1-I87)*100 -> -20.326842 | K87: 7.5 | L87: -130 | M87: =IF(K87="","",SUMPRODUCT((COLUMN(Win_Probabilities!$F$1:$S$1)-COLUMN(Win_Probabilities!$F$1)>K87)*Win_Probabilities!$F94:$S94)) -> 0.43458086 | N87: =M87*IF(L87<0,10000/-L87,L87)-(1-M87)*100 -> -23.112617 | O87: 7.5 | P87: -115 | Q87: =IF(O87="","",SUMPRODUCT((COLUMN(Win_Probabilities!$F$1:$S$1)-COLUMN(Win_Probabilities!$F$1)>O87)*Win_Probabilities!$F94:$S94)) -> 0.43458086 | R87: =Q87*IF(P87<0,10000/-P87,P87)-(1-Q87)*100 -> -18.752273 | S87: =IF(F87=MAX(F87,J87,N87,R87),"BetMGM",IF(J87=MAX(F87,J87,N87,R87),"DraftKings",IF(N87=MAX(F87,J87,N87,R87),"FanDuel",IF(R87=MAX(F87,J87,N87,R87),"RiversCasino","")))) -> RiversCasino | T87: =MAX(F87,J87,N87,R87) -> -18.752273 | U87: =MAX(C87,G87,K87,O87)-MIN(C87,G87,K87,O87) -> 0
A88: WKU | B88: =Win_Probabilities!E95 -> 7.1394092 | C88: 6.5 | D88: -185 | E88: =IF(C88="","",SUMPRODUCT((COLUMN(Win_Probabilities!$F$1:$S$1)-COLUMN(Win_Probabilities!$F$1)>C88)*Win_Probabilities!$F95:$S95)) -> 0.69357951 | F88: =E88*IF(D88<0,10000/-D88,D88)-(1-E88)*100 -> 6.848736 | G88: 7.5 | H88: 125 | I88: =IF(G88="","",SUMPRODUCT((COLUMN(Win_Probabilities!$F$1:$S$1)-COLUMN(Win_Probabilities!$F$1)>G88)*Win_Probabilities!$F95:$S95)) -> 0.40765571 | J88: =I88*IF(H88<0,10000/-H88,H88)-(1-I88)*100 -> -8.2774654 | K88: 6.5 | L88: -154 | M88: =IF(K88="","",SUMPRODUCT((COLUMN(Win_Probabilities!$F$1:$S$1)-COLUMN(Win_Probabilities!$F$1)>K88)*Win_Probabilities!$F95:$S95)) -> 0.69357951 | N88: =M88*IF(L88<0,10000/-L88,L88)-(1-M88)*100 -> 14.395582 | O88: 6.5 | P88: -177 | Q88: =IF(O88="","",SUMPRODUCT((COLUMN(Win_Probabilities!$F$1:$S$1)-COLUMN(Win_Probabilities!$F$1)>O88)*Win_Probabilities!$F95:$S95)) -> 0.69357951 | R88: =Q88*IF(P88<0,10000/-P88,P88)-(1-Q88)*100 -> 8.5432347 | S88: =IF(F88=MAX(F88,J88,N88,R88),"BetMGM",IF(J88=MAX(F88,J88,N88,R88),"DraftKings",IF(N88=MAX(F88,J88,N88,R88),"FanDuel",IF(R88=MAX(F88,J88,N88,R88),"RiversCasino","")))) -> FanDuel | T88: =MAX(F88,J88,N88,R88) -> 14.395582 | U88: =MAX(C88,G88,K88,O88)-MIN(C88,G88,K88,O88) -> 1
... A110: S. Alabama | B110: =Win_Probabilities!E117 -> 5.4789715 | C110: 5.5 | D110: -115 | E110: =IF(C110="","",SUMPRODUCT((COLUMN(Win_Probabilities!$F$1:$S$1)-COLUMN(Win_Probabilities!$F$1)>C110)*Win_Probabilities!$F117:$S117)) -> 0.48914651 | F110: =E110*IF(D110<0,10000/-D110,D110)-(1-E110)*100 -> -8.5508692 | G110: 5.5 | H110: -130 | I110: =IF(G110="","",SUMPRODUCT((COLUMN(Win_Probabilities!$F$1:$S$1)-COLUMN(Win_Probabilities!$F$1)>G110)*Win_Probabilities!$F117:$S117)) -> 0.48914651 | J110: =I110*IF(H110<0,10000/-H110,H110)-(1-I110)*100 -> -13.458694 | K110: 5.5 | L110: -115 | M110: =IF(K110="","",SUMPRODUCT((COLUMN(Win_Probabilities!$F$1:$S$1)-COLUMN(Win_Probabilities!$F$1)>K110)*Win_Probabilities!$F117:$S117)) -> 0.48914651 | N110: =M110*IF(L110<0,10000/-L110,L110)-(1-M110)*100 -> -8.5508692 | O110: 5.5 | P110: -143 | Q110: =IF(O110="","",SUMPRODUCT((COLUMN(Win_Probabilities!$F$1:$S$1)-COLUMN(Win_Probabilities!$F$1)>O110)*Win_Probabilities!$F117:$S117)) -> 0.48914651 | R110: =Q110*IF(P110<0,10000/-P110,P110)-(1-Q110)*100 -> -16.879299 | S110: =IF(F110=MAX(F110,J110,N110,R110),"BetMGM",IF(J110=MAX(F110,J110,N110,R110),"DraftKings",IF(N110=MAX(F110,J110,N110,R110),"FanDuel",IF(R110=MAX(F110,J110,N110,R110),"RiversCasino","")))) -> BetMGM | T110: =MAX(F110,J110,N110,R110) -> -8.5508692 | U110: =MAX(C110,G110,K110,O110)-MIN(C110,G110,K110,O110) -> 0
A111: BGSU | B111: =Win_Probabilities!E119 -> 5.5069542 | C111: 4.5 | D111: -160 | E111: =IF(C111="","",SUMPRODUCT((COLUMN(Win_Probabilities!$F$1:$S$1)-COLUMN(Win_Probabilities!$F$1)>C111)*Win_Probabilities!$F119:$S119)) -> 0.76790146 | F111: =E111*IF(D111<0,10000/-D111,D111)-(1-E111)*100 -> 24.783988 | G111: 4.5 | H111: -160 | I111: =IF(G111="","",SUMPRODUCT((COLUMN(Win_Probabilities!$F$1:$S$1)-COLUMN(Win_Probabilities!$F$1)>G111)*Win_Probabilities!$F119:$S119)) -> 0.76790146 | J111: =I111*IF(H111<0,10000/-H111,H111)-(1-I111)*100 -> 24.783988 | K111: 4.5 | L111: -152 | M111: =IF(K111="","",SUMPRODUCT((COLUMN(Win_Probabilities!$F$1:$S$1)-COLUMN(Win_Probabilities!$F$1)>K111)*Win_Probabilities!$F119:$S119)) -> 0.76790146 | N111: =M111*IF(L111<0,10000/-L111,L111)-(1-M111)*100 -> 27.30998 | O111: 4.5 | P111: -155 | Q111: =IF(O111="","",SUMPRODUCT((COLUMN(Win_Probabilities!$F$1:$S$1)-COLUMN(Win_Probabilities!$F$1)>O111)*Win_Probabilities!$F119:$S119)) -> 0.76790146 | R111: =Q111*IF(P111<0,10000/-P111,P111)-(1-Q111)*100 -> 26.332176 | S111: =IF(F111=MAX(F111,J111,N111,R111),"BetMGM",IF(J111=MAX(F111,J111,N111,R111),"DraftKings",IF(N111=MAX(F111,J111,N111,R111),"FanDuel",IF(R111=MAX(F111,J111,N111,R111),"RiversCasino","")))) -> FanDuel | T111: =MAX(F111,J111,N111,R111) -> 27.30998 | U111: =MAX(C111,G111,K111,O111)-MIN(C111,G111,K111,O111) -> 0
A112: CMU | B112: =Win_Probabilities!E120 -> 5.6173007 | C112: 6.5 | D112: 110 | E112: =IF(C112="","",SUMPRODUCT((COLUMN(Win_Probabilities!$F$1:$S$1)-COLUMN(Win_Probabilities!$F$1)>C112)*Win_Probabilities!$F120:$S120)) -> 0.27238442 | F112: =E112*IF(D112<0,10000/-D112,D112)-(1-E112)*100 -> -42.799272 | G112: 6.5 | H112: 110 | I112: =IF(G112="","",SUMPRODUCT((COLUMN(Win_Probabilities!$F$1:$S$1)-COLUMN(Win_Probabilities!$F$1)>G112)*Win_Probabilities!$F120:$S120)) -> 0.27238442 | J112: =I112*IF(H112<0,10000/-H112,H112)-(1-I112)*100 -> -42.799272 | K112: 6.5 | L112: 106 | M112: =IF(K112="","",SUMPRODUCT((COLUMN(Win_Probabilities!$F$1:$S$1)-COLUMN(Win_Probabilities!$F$1)>K112)*Win_Probabilities!$F120:$S120)) -> 0.27238442 | N112: =M112*IF(L112<0,10000/-L112,L112)-(1-M112)*100 -> -43.88881 | O112: 6.5 | P112: 110 | Q112: =IF(O112="","",SUMPRODUCT((COLUMN(Win_Probabilities!$F$1:$S$1)-COLUMN(Win_Probabilities!$F$1)>O112)*Win_Probabilities!$F120:$S120)) -> 0.27238442 | R112: =Q112*IF(P112<0,10000/-P112,P112)-(1-Q112)*100 -> -42.799272 | S112: =IF(F112=MAX(F112,J112,N112,R112),"BetMGM",IF(J112=MAX(F112,J112,N112,R112),"DraftKings",IF(N112=MAX(F112,J112,N112,R112),"FanDuel",IF(R112=MAX(F112,J112,N112,R112),"RiversCasino","")))) -> BetMGM | T112: =MAX(F112,J112,N112,R112) -> -42.799272 | U112: =MAX(C112,G112,K112,O112)-MIN(C112,G112,K112,O112) -> 0
A113: EMU | B113: =Win_Probabilities!E123 -> 5.9477712 | C113: 5.5 | D113: -155 | E113: =IF(C113="","",SUMPRODUCT((COLUMN(Win_Probabilities!$F$1:$S$1)-COLUMN(Win_Probabilities!$F$1)>C113)*Win_Probabilities!$F123:$S123)) -> 0.62178623 | F113: =E113*IF(D113<0,10000/-D113,D113)-(1-E113)*100 -> 2.2938643 | G113: 5.5 | H113: -166 | I113: =IF(G113="","",SUMPRODUCT((COLUMN(Win_Probabilities!$F$1:$S$1)-COLUMN(Win_Probabilities!$F$1)>G113)*Win_Probabilities!$F123:$S123)) -> 0.62178623 | J113: =I113*IF(H113<0,10000/-H113,H113)-(1-I113)*100 -> -0.36437458 | K113: 6.5 | L113: 112 | M113: =IF(K113="","",SUMPRODUCT((COLUMN(Win_Probabilities!$F$1:$S$1)-COLUMN(Win_Probabilities!$F$1)>K113)*Win_Probabilities!$F123:$S123)) -> 0.35240696 | N113: =M113*IF(L113<0,10000/-L113,L113)-(1-M113)*100 -> -25.289725 | O113: 5.5 | P113: -159 | Q113: =IF(O113="","",SUMPRODUCT((COLUMN(Win_Probabilities!$F$1:$S$1)-COLUMN(Win_Probabilities!$F$1)>O113)*Win_Probabilities!$F123:$S123)) -> 0.62178623 | R113: =Q113*IF(P113<0,10000/-P113,P113)-(1-Q113)*100 -> 1.2846758 | S113: =IF(F113=MAX(F113,J113,N113,R113),"BetMGM",IF(J113=MAX(F113,J113,N113,R113),"DraftKings",IF(N113=MAX(F113,J113,N113,R113),"FanDuel",IF(R113=MAX(F113,J113,N113,R113),"RiversCasino","")))) -> BetMGM | T113: =MAX(F113,J113,N113,R113) -> 2.2938643 | U113: =MAX(C113,G113,K113,O113)-MIN(C113,G113,K113,O113) -> 1
A114: NMSU | B114: =Win_Probabilities!E126 -> 4.6321258 | C114: 4.5 | D114: 100 | E114: =IF(C114="","",SUMPRODUCT((COLUMN(Win_Probabilities!$F$1:$S$1)-COLUMN(Win_Probabilities!$F$1)>C114)*Win_Probabilities!$F126:$S126)) -> 0.52579358 | F114: =E114*IF(D114<0,10000/-D114,D114)-(1-E114)*100 -> 5.1587165 | G114: 4.5 | H114: -110 | I114: =IF(G114="","",SUMPRODUCT((COLUMN(Win_Probabilities!$F$1:$S$1)-COLUMN(Win_Probabilities!$F$1)>G114)*Win_Probabilities!$F126:$S126)) -> 0.52579358 | J114: =I114*IF(H114<0,10000/-H114,H114)-(1-I114)*100 -> 0.37877487 | K114: 4.5 | L114: 108 | M114: =IF(K114="","",SUMPRODUCT((COLUMN(Win_Probabilities!$F$1:$S$1)-COLUMN(Win_Probabilities!$F$1)>K114)*Win_Probabilities!$F126:$S126)) -> 0.52579358 | N114: =M114*IF(L114<0,10000/-L114,L114)-(1-M114)*100 -> 9.3650652 | O114: 4.5 | P114: 105 | Q114: =IF(O114="","",SUMPRODUCT((COLUMN(Win_Probabilities!$F$1:$S$1)-COLUMN(Win_Probabilities!$F$1)>O114)*Win_Probabilities!$F126:$S126)) -> 0.52579358 | R114: =Q114*IF(P114<0,10000/-P114,P114)-(1-Q114)*100 -> 7.7876844 | S114: =IF(F114=MAX(F114,J114,N114,R114),"BetMGM",IF(J114=MAX(F114,J114,N114,R114),"DraftKings",IF(N114=MAX(F114,J114,N114,R114),"FanDuel",IF(R114=MAX(F114,J114,N114,R114),"RiversCasino","")))) -> FanDuel | T114: =MAX(F114,J114,N114,R114) -> 9.3650652 | U114: =MAX(C114,G114,K114,O114)-MIN(C114,G114,K114,O114) -> 0
A115: Akron | B115: =Win_Probabilities!E131 -> 3.5743694 | C115: 4.5 | D115: -105 | E115: =IF(C115="","",SUMPRODUCT((COLUMN(Win_Probabilities!$F$1:$S$1)-COLUMN(Win_Probabilities!$F$1)>C115)*Win_Probabilities!$F131:$S131)) -> 0.23965334 | F115: =E115*IF(D115<0,10000/-D115,D115)-(1-E115)*100 -> -53.210539 | G115: 4.5 | H115: -125 | I115: =IF(G115="","",SUMPRODUCT((COLUMN(Win_Probabilities!$F$1:$S$1)-COLUMN(Win_Probabilities!$F$1)>G115)*Win_Probabilities!$F131:$S131)) -> 0.23965334 | J115: =I115*IF(H115<0,10000/-H115,H115)-(1-I115)*100 -> -56.862399 | K115: 4.5 | L115: -100 | M115: =IF(K115="","",SUMPRODUCT((COLUMN(Win_Probabilities!$F$1:$S$1)-COLUMN(Win_Probabilities!$F$1)>K115)*Win_Probabilities!$F131:$S131)) -> 0.23965334 | N115: =M115*IF(L115<0,10000/-L115,L115)-(1-M115)*100 -> -52.069332 | O115: 4.5 | P115: -118 | Q115: =IF(O115="","",SUMPRODUCT((COLUMN(Win_Probabilities!$F$1:$S$1)-COLUMN(Win_Probabilities!$F$1)>O115)*Win_Probabilities!$F131:$S131)) -> 0.23965334 | R115: =Q115*IF(P115<0,10000/-P115,P115)-(1-Q115)*100 -> -55.725061 | S115: =IF(F115=MAX(F115,J115,N115,R115),"BetMGM",IF(J115=MAX(F115,J115,N115,R115),"DraftKings",IF(N115=MAX(F115,J115,N115,R115),"FanDuel",IF(R115=MAX(F115,J115,N115,R115),"RiversCasino","")))) -> FanDuel | T115: =MAX(F115,J115,N115,R115) -> -52.069332 | U115: =MAX(C115,G115,K115,O115)-MIN(C115,G115,K115,O115) -> 0
A117: MISSING: 25 teams were below the page truncation point and are not included here. See Market_Edge for those.

Sheet Ratings
A1: Team | B1: Rating | C1: Source | D1: Conference | E1: Tier
A2: Ohio St. | B2: 32.7 | C2: SP+ 2026
A3: Oregon | B3: 29.2 | C3: SP+ 2026
A4: Notre Dame | B4: 26.5 | C4: SP+ 2026
A5: Georgia | B5: 26.4 | C5: SP+ 2026
A6: Indiana | B6: 25.8 | C6: SP+ 2026
A7: Texas | B7: 22.8 | C7: SP+ 2026
A8: Miami | B8: 22 | C8: SP+ 2026
A9: Texas Tech | B9: 21.8 | C9: SP+ 2026
A10: Texas A&M | B10: 20.9 | C10: SP+ 2026
A11: LSU | B11: 20.4 | C11: SP+ 2026
A12: Oklahoma | B12: 18.8 | C12: SP+ 2026
A13: USC | B13: 17.7 | C13: SP+ 2026
... A139: UMass | B139: -32.9 | C139: SP+ 2026
A140: Abilene Christian | B140: =VLOOKUP(D140,Assumptions!$A$9:$B$19,2,FALSE())+VLOOKUP(E140,Assumptions!$A$22:$B$26,2,FALSE()) -> -29 | C140: ASSUMED - FCS, tiered | D140: UAC | E140: Strong
A141: Alabama State | B141: =VLOOKUP(D141,Assumptions!$A$9:$B$19,2,FALSE())+VLOOKUP(E141,Assumptions!$A$22:$B$26,2,FALSE()) -> -42 | C141: ASSUMED - FCS, tiered | D141: SWAC | E141: Weak
A142: Alcorn State | B142: =VLOOKUP(D142,Assumptions!$A$9:$B$19,2,FALSE())+VLOOKUP(E142,Assumptions!$A$22:$B$26,2,FALSE()) -> -37 | C142: ASSUMED - FCS, tiered | D142: SWAC | E142: Average
A143: Austin Peay | B143: =VLOOKUP(D143,Assumptions!$A$9:$B$19,2,FALSE())+VLOOKUP(E143,Assumptions!$A$22:$B$26,2,FALSE()) -> -33 | C143: ASSUMED - FCS, tiered | D143: UAC | E143: Average
A144: Bethune-Cookman | B144: =VLOOKUP(D144,Assumptions!$A$9:$B$19,2,FALSE())+VLOOKUP(E144,Assumptions!$A$22:$B$26,2,FALSE()) -> -37 | C144: ASSUMED - FCS, tiered | D144: SWAC | E144: Average
A145: Bryant | B145: =VLOOKUP(D145,Assumptions!$A$9:$B$19,2,FALSE())+VLOOKUP(E145,Assumptions!$A$22:$B$26,2,FALSE()) -> -26 | C145: ASSUMED - FCS, tiered | D145: CAA | E145: Average
A146: Bucknell | B146: =VLOOKUP(D146,Assumptions!$A$9:$B$19,2,FALSE())+VLOOKUP(E146,Assumptions!$A$22:$B$26,2,FALSE()) -> -44 | C146: ASSUMED - FCS, tiered | D146: Patriot | E146: Weak
A147: CCSU | B147: =VLOOKUP(D147,Assumptions!$A$9:$B$19,2,FALSE())+VLOOKUP(E147,Assumptions!$A$22:$B$26,2,FALSE()) -> -49 | C147: ASSUMED - FCS, tiered | D147: NEC | E147: Weak
A148: Cal Poly | B148: =VLOOKUP(D148,Assumptions!$A$9:$B$19,2,FALSE())+VLOOKUP(E148,Assumptions!$A$22:$B$26,2,FALSE()) -> -23 | C148: ASSUMED - FCS, tiered | D148: Big Sky | E148: Average
A149: Campbell | B149: =VLOOKUP(D149,Assumptions!$A$9:$B$19,2,FALSE())+VLOOKUP(E149,Assumptions!$A$22:$B$26,2,FALSE()) -> -26 | C149: ASSUMED - FCS, tiered | D149: CAA | E149: Average
A150: Central Arkansas | B150: =VLOOKUP(D150,Assumptions!$A$9:$B$19,2,FALSE())+VLOOKUP(E150,Assumptions!$A$22:$B$26,2,FALSE()) -> -29 | C150: ASSUMED - FCS, tiered | D150: UAC | E150: Strong
A151: Charleston So. | B151: =VLOOKUP(D151,Assumptions!$A$9:$B$19,2,FALSE())+VLOOKUP(E151,Assumptions!$A$22:$B$26,2,FALSE()) -> -34 | C151: ASSUMED - FCS, tiered | D151: BigSouth-OVC | E151: Average
... A239: Youngstown State | B239: =VLOOKUP(D239,Assumptions!$A$9:$B$19,2,FALSE())+VLOOKUP(E239,Assumptions!$A$22:$B$26,2,FALSE()) -> -15 | C239: ASSUMED - FCS, tiered | D239: MVFC | E239: Strong

Sheet Schedule
A1: Team | B1: Rating | C1: G1 Opp | D1: G1 Site | E1: G1 OppRtg | F1: G1 HFA | G1: G1 WinProb | H1: G2 Opp | I1: G2 Site | J1: G2 OppRtg | K1: G2 HFA | L1: G2 WinProb | M1: G3 Opp | N1: G3 Site | O1: G3 OppRtg | P1: G3 HFA | Q1: G3 WinProb | R1: G4 Opp | S1: G4 Site | T1: G4 OppRtg | U1: G4 HFA | V1: G4 WinProb | W1: G5 Opp | X1: G5 Site | Y1: G5 OppRtg | Z1: G5 HFA | AA1: G5 WinProb | AB1: G6 Opp | AC1: G6 Site | AD1: G6 OppRtg | AE1: G6 HFA | AF1: G6 WinProb | AG1: G7 Opp | AH1: G7 Site | AI1: G7 OppRtg | AJ1: G7 HFA | AK1: G7 WinProb | AL1: G8 Opp | AM1: G8 Site | AN1: G8 OppRtg | AO1: G8 HFA | AP1: G8 WinProb | AQ1: G9 Opp | AR1: G9 Site | AS1: G9 OppRtg | AT1: G9 HFA | AU1: G9 WinProb | AV1: G10 Opp | AW1: G10 Site | AX1: G10 OppRtg | AY1: G10 HFA | AZ1: G10 WinProb | BA1: G11 Opp | BB1: G11 Site | BC1: G11 OppRtg | BD1: G11 HFA | BE1: G11 WinProb | BF1: G12 Opp | BG1: G12 Site | BH1: G12 OppRtg | BI1: G12 HFA | BJ1: G12 WinProb | BK1: G13 Opp | BL1: G13 Site | BM1: G13 OppRtg | BN1: G13 HFA | BO1: G13 WinProb | BP1: Games | BQ1: Exp Wins
A2: Ohio St. | B2: =INDEX(Ratings!$B$2:$B$239,MATCH($A2,Ratings!$A$2:$A$239,0)) -> 32.7 | C2: Ball St. | D2: Home | E2: =INDEX(Ratings!$B$2:$B$239,MATCH(C2,Ratings!$A$2:$A$239,0)) -> -25.1 | F2: =IF(D2="Home",Assumptions!$B$2,IF(D2="Away",-Assumptions!$B$2,0)) -> 2.5 | G2: =NORMDIST($B2-E2+F2,0,Assumptions!$B$3,TRUE()) -> 0.99991797 | H2: Texas | I2: Away | J2: =INDEX(Ratings!$B$2:$B$239,MATCH(H2,Ratings!$A$2:$A$239,0)) -> 22.8 | K2: =IF(I2="Home",Assumptions!$B$2,IF(I2="Away",-Assumptions!$B$2,0)) -> -2.5 | L2: =NORMDIST($B2-J2+K2,0,Assumptions!$B$3,TRUE()) -> 0.6781386 | M2: Kent St. | N2: Home | O2: =INDEX(Ratings!$B$2:$B$239,MATCH(M2,Ratings!$A$2:$A$239,0)) -> -22.4 | P2: =IF(N2="Home",Assumptions!$B$2,IF(N2="Away",-Assumptions!$B$2,0)) -> 2.5 | Q2: =NORMDIST($B2-O2+P2,0,Assumptions!$B$3,TRUE()) -> 0.99984089 | R2: Illinois | S2: Home | T2: =INDEX(Ratings!$B$2:$B$239,MATCH(R2,Ratings!$A$2:$A$239,0)) -> 10.4 | U2: =IF(S2="Home",Assumptions!$B$2,IF(S2="Away",-Assumptions!$B$2,0)) -> 2.5 | V2: =NORMDIST($B2-T2+U2,0,Assumptions!$B$3,TRUE()) -> 0.93942924 | W2: Iowa | X2: Away | Y2: =INDEX(Ratings!$B$2:$B$239,MATCH(W2,Ratings!$A$2:$A$239,0)) -> 14.6 | Z2: =IF(X2="Home",Assumptions!$B$2,IF(X2="Away",-Assumptions!$B$2,0)) -> -2.5 | AA2: =NORMDIST($B2-Y2+Z2,0,Assumptions!$B$3,TRUE()) -> 0.83521987 | AB2: Maryland | AC2: Home | AD2: =INDEX(Ratings!$B$2:$B$239,MATCH(AB2,Ratings!$A$2:$A$239,0)) -> 5.2 | AE2: =IF(AC2="Home",Assumptions!$B$2,IF(AC2="Away",-Assumptions!$B$2,0)) -> 2.5 | AF2: =NORMDIST($B2-AD2+AE2,0,Assumptions!$B$3,TRUE()) -> 0.96960364 | AG2: Indiana | AH2: Away | AI2: =INDEX(Ratings!$B$2:$B$239,MATCH(AG2,Ratings!$A$2:$A$239,0)) -> 25.8 | AJ2: =IF(AH2="Home",Assumptions!$B$2,IF(AH2="Away",-Assumptions!$B$2,0)) -> -2.5 | AK2: =NORMDIST($B2-AI2+AJ2,0,Assumptions!$B$3,TRUE()) -> 0.60834188 | AL2: USC | AM2: Away | AN2: =INDEX(Ratings!$B$2:$B$239,MATCH(AL2,Ratings!$A$2:$A$239,0)) -> 17.7 | AO2: =IF(AM2="Home",Assumptions!$B$2,IF(AM2="Away",-Assumptions!$B$2,0)) -> -2.5 | AP2: =NORMDIST($B2-AN2+AO2,0,Assumptions!$B$3,TRUE()) -> 0.78267226 | AQ2: Oregon | AR2: Home | AS2: =INDEX(Ratings!$B$2:$B$239,MATCH(AQ2,Ratings!$A$2:$A$239,0)) -> 29.2 | AT2: =IF(AR2="Home",Assumptions!$B$2,IF(AR2="Away",-Assumptions!$B$2,0)) -> 2.5 | AU2: =NORMDIST($B2-AS2+AT2,0,Assumptions!$B$3,TRUE()) -> 0.64616977 | AV2: Northwestern | AW2: Home | AX2: =INDEX(Ratings!$B$2:$B$239,MATCH(AV2,Ratings!$A$2:$A$239,0)) -> 5.1 | AY2: =IF(AW2="Home",Assumptions!$B$2,IF(AW2="Away",-Assumptions!$B$2,0)) -> 2.5 | AZ2: =NORMDIST($B2-AX2+AY2,0,Assumptions!$B$3,TRUE()) -> 0.97003104 | BA2: Nebraska | BB2: Away | BC2: =INDEX(Ratings!$B$2:$B$239,MATCH(BA2,Ratings!$A$2:$A$239,0)) -> 9.3 | BD2: =IF(BB2="Home",Assumptions!$B$2,IF(BB2="Away",-Assumptions!$B$2,0)) -> -2.5 | BE2: =NORMDIST($B2-BC2+BD2,0,Assumptions!$B$3,TRUE()) -> 0.90426622 | BF2: Michigan | BG2: Home | BH2: =INDEX(Ratings!$B$2:$B$239,MATCH(BF2,Ratings!$A$2:$A$239,0)) -> 17 | BI2: =IF(BG2="Home",Assumptions!$B$2,IF(BG2="Away",-Assumptions!$B$2,0)) -> 2.5 | BJ2: =NORMDIST($B2-BH2+BI2,0,Assumptions!$B$3,TRUE()) -> 0.87233534 | BP2: 12 | BQ2: =G2+L2+Q2+V2+AA2+AF2+AK2+AP2+AU2+AZ2+BE2+BJ2 -> 10.205967
A3: Oregon | B3: =INDEX(Ratings!$B$2:$B$239,MATCH($A3,Ratings!$A$2:$A$239,0)) -> 29.2 | C3: Boise St. | D3: Home | E3: =INDEX(Ratings!$B$2:$B$239,MATCH(C3,Ratings!$A$2:$A$239,0)) -> 5.1 | F3: =IF(D3="Home",Assumptions!$B$2,IF(D3="Away",-Assumptions!$B$2,0)) -> 2.5 | G3: =NORMDIST($B3-E3+F3,0,Assumptions!$B$3,TRUE()) -> 0.95179372 | H3: Oklahoma St. | I3: Away | J3: =INDEX(Ratings!$B$2:$B$239,MATCH(H3,Ratings!$A$2:$A$239,0)) -> 6.9 | K3: =IF(I3="Home",Assumptions!$B$2,IF(I3="Away",-Assumptions!$B$2,0)) -> -2.5 | L3: =NORMDIST($B3-J3+K3,0,Assumptions!$B$3,TRUE()) -> 0.89204924 | M3: Portland State | N3: Home | O3: =INDEX(Ratings!$B$2:$B$239,MATCH(M3,Ratings!$A$2:$A$239,0)) -> -23 | P3: =IF(N3="Home",Assumptions!$B$2,IF(N3="Away",-Assumptions!$B$2,0)) -> 2.5 | Q3: =NORMDIST($B3-O3+P3,0,Assumptions!$B$3,TRUE()) -> 0.99968545 | R3: USC | S3: Away | T3: =INDEX(Ratings!$B$2:$B$239,MATCH(R3,Ratings!$A$2:$A$239,0)) -> 17.7 | U3: =IF(S3="Home",Assumptions!$B$2,IF(S3="Away",-Assumptions!$B$2,0)) -> -2.5 | V3: =NORMDIST($B3-T3+U3,0,Assumptions!$B$3,TRUE()) -> 0.7131123 | W3: UCLA | X3: Home | Y3: =INDEX(Ratings!$B$2:$B$239,MATCH(W3,Ratings!$A$2:$A$239,0)) -> 5.4 | Z3: =IF(X3="Home",Assumptions!$B$2,IF(X3="Away",-Assumptions!$B$2,0)) -> 2.5 | AA3: =NORMDIST($B3-Y3+Z3,0,Assumptions!$B$3,TRUE()) -> 0.94988607 | AB3: Nebraska | AC3: Home | AD3: =INDEX(Ratings!$B$2:$B$239,MATCH(AB3,Ratings!$A$2:$A$239,0)) -> 9.3 | AE3: =IF(AC3="Home",Assumptions!$B$2,IF(AC3="Away",-Assumptions!$B$2,0)) -> 2.5 | AF3: =NORMDIST($B3-AD3+AE3,0,Assumptions!$B$3,TRUE()) -> 0.91924334 | AG3: Illinois | AH3: Away | AI3: =INDEX(Ratings!$B$2:$B$239,MATCH(AG3,Ratings!$A$2:$A$239,0)) -> 10.4 | AJ3: =IF(AH3="Home",Assumptions!$B$2,IF(AH3="Away",-Assumptions!$B$2,0)) -> -2.5 | AK3: =NORMDIST($B3-AI3+AJ3,0,Assumptions!$B$3,TRUE()) -> 0.84583917 | AL3: Northwestern | AM3: Home | AN3: =INDEX(Ratings!$B$2:$B$239,MATCH(AL3,Ratings!$A$2:$A$239,0)) -> 5.1 | AO3: =IF(AM3="Home",Assumptions!$B$2,IF(AM3="Away",-Assumptions!$B$2,0)) -> 2.5 | AP3: =NORMDIST($B3-AN3+AO3,0,Assumptions!$B$3,TRUE()) -> 0.95179372 | AQ3: Ohio St. | AR3: Away | AS3: =INDEX(Ratings!$B$2:$B$239,MATCH(AQ3,Ratings!$A$2:$A$239,0)) -> 32.7 | AT3: =IF(AR3="Home",Assumptions!$B$2,IF(AR3="Away",-Assumptions!$B$2,0)) -> -2.5 | AU3: =NORMDIST($B3-AS3+AT3,0,Assumptions!$B$3,TRUE()) -> 0.35383023 | AV3: Michigan | AW3: Home | AX3: =INDEX(Ratings!$B$2:$B$239,MATCH(AV3,Ratings!$A$2:$A$239,0)) -> 17 | AY3: =IF(AW3="Home",Assumptions!$B$2,IF(AW3="Away",-Assumptions!$B$2,0)) -> 2.5 | AZ3: =NORMDIST($B3-AX3+AY3,0,Assumptions!$B$3,TRUE()) -> 0.82088682 | BA3: Michigan St. | BB3: Away | BC3: =INDEX(Ratings!$B$2:$B$239,MATCH(BA3,Ratings!$A$2:$A$239,0)) -> 2.2 | BD3: =IF(BB3="Home",Assumptions!$B$2,IF(BB3="Away",-Assumptions!$B$2,0)) -> -2.5 | BE3: =NORMDIST($B3-BC3+BD3,0,Assumptions!$B$3,TRUE()) -> 0.93714619 | BF3: Washington | BG3: Home | BH3: =INDEX(Ratings!$B$2:$B$239,MATCH(BF3,Ratings!$A$2:$A$239,0)) -> 15.8 | BI3: =IF(BG3="Home",Assumptions!$B$2,IF(BG3="Away",-Assumptions!$B$2,0)) -> 2.5 | BJ3: =NORMDIST($B3-BH3+BI3,0,Assumptions!$B$3,TRUE()) -> 0.8398277 | BP3: 12 | BQ3: =G3+L3+Q3+V3+AA3+AF3+AK3+AP3+AU3+AZ3+BE3+BJ3 -> 10.175094
A4: Notre Dame | B4: =INDEX(Ratings!$B$2:$B$239,MATCH($A4,Ratings!$A$2:$A$239,0)) -> 26.5 | C4: Wisconsin | D4: Neutral | E4: =INDEX(Ratings!$B$2:$B$239,MATCH(C4,Ratings!$A$2:$A$239,0)) -> 3.8 | F4: =IF(D4="Home",Assumptions!$B$2,IF(D4="Away",-Assumptions!$B$2,0)) -> 0 | G4: =NORMDIST($B4-E4+F4,0,Assumptions!$B$3,TRUE()) -> 0.92201404 | H4: Rice | I4: Home | J4: =INDEX(Ratings!$B$2:$B$239,MATCH(H4,Ratings!$A$2:$A$239,0)) -> -15.3 | K4: =IF(I4="Home",Assumptions!$B$2,IF(I4="Away",-Assumptions!$B$2,0)) -> 2.5 | L4: =NORMDIST($B4-J4+K4,0,Assumptions!$B$3,TRUE()) -> 0.99718641 | M4: Michigan St. | N4: Home | O4: =INDEX(Ratings!$B$2:$B$239,MATCH(M4,Ratings!$A$2:$A$239,0)) -> 2.2 | P4: =IF(N4="Home",Assumptions!$B$2,IF(N4="Away",-Assumptions!$B$2,0)) -> 2.5 | Q4: =NORMDIST($B4-O4+P4,0,Assumptions!$B$3,TRUE()) -> 0.95303288 | R4: Purdue | S4: Away | T4: =INDEX(Ratings!$B$2:$B$239,MATCH(R4,Ratings!$A$2:$A$239,0)) -> -2.2 | U4: =IF(S4="Home",Assumptions!$B$2,IF(S4="Away",-Assumptions!$B$2,0)) -> -2.5 | V4: =NORMDIST($B4-T4+U4,0,Assumptions!$B$3,TRUE()) -> 0.94923698 | W4: N. Carolina | X4: Away | Y4: =INDEX(Ratings!$B$2:$B$239,MATCH(W4,Ratings!$A$2:$A$239,0)) -> 3.5 | Z4: =IF(X4="Home",Assumptions!$B$2,IF(X4="Away",-Assumptions!$B$2,0)) -> -2.5 | AA4: =NORMDIST($B4-Y4+Z4,0,Assumptions!$B$3,TRUE()) -> 0.89994707 | AB4: Stanford | AC4: Home | AD4: =INDEX(Ratings!$B$2:$B$239,MATCH(AB4,Ratings!$A$2:$A$239,0)) -> -2.3 | AE4: =IF(AC4="Home",Assumptions!$B$2,IF(AC4="Away",-Assumptions!$B$2,0)) -> 2.5 | AF4: =NORMDIST($B4-AD4+AE4,0,Assumptions!$B$3,TRUE()) -> 0.97478214 | AG4: BYU | AH4: Away | AI4: =INDEX(Ratings!$B$2:$B$239,MATCH(AG4,Ratings!$A$2:$A$239,0)) -> 14.9 | AJ4: =IF(AH4="Home",Assumptions!$B$2,IF(AH4="Away",-Assumptions!$B$2,0)) -> -2.5 | AK4: =NORMDIST($B4-AI4+AJ4,0,Assumptions!$B$3,TRUE()) -> 0.71523709 | AL4: Navy | AM4: Neutral | AN4: =INDEX(Ratings!$B$2:$B$239,MATCH(AL4,Ratings!$A$2:$A$239,0)) -> 1.2 | AO4: =IF(AM4="Home",Assumptions!$B$2,IF(AM4="Away",-Assumptions!$B$2,0)) -> 0 | AP4: =NORMDIST($B4-AN4+AO4,0,Assumptions!$B$3,TRUE()) -> 0.94308956 | AQ4: Miami | AR4: Home | AS4: =INDEX(Ratings!$B$2:$B$239,MATCH(AQ4,Ratings!$A$2:$A$239,0)) -> 22 | AT4: =IF(AR4="Home",Assumptions!$B$2,IF(AR4="Away",-Assumptions!$B$2,0)) -> 2.5 | AU4: =NORMDIST($B4-AS4+AT4,0,Assumptions!$B$3,TRUE()) -> 0.66912561 | AV4: Boston Coll. | AW4: Home | AX4: =INDEX(Ratings!$B$2:$B$239,MATCH(AV4,Ratings!$A$2:$A$239,0)) -> -2.5 | AY4: =IF(AW4="Home",Assumptions!$B$2,IF(AW4="Away",-Assumptions!$B$2,0)) -> 2.5 | AZ4: =NORMDIST($B4-AX4+AY4,0,Assumptions!$B$3,TRUE()) -> 0.9755091 | BA4: SMU | BB4: Home | BC4: =INDEX(Ratings!$B$2:$B$239,MATCH(BA4,Ratings!$A$2:$A$239,0)) -> 12.1 | BD4: =IF(BB4="Home",Assumptions!$B$2,IF(BB4="Away",-Assumptions!$B$2,0)) -> 2.5 | BE4: =NORMDIST($B4-BC4+BD4,0,Assumptions!$B$3,TRUE()) -> 0.85457299 | BF4: Syracuse | BG4: Away | BH4: =INDEX(Ratings!$B$2:$B$239,MATCH(BF4,Ratings!$A$2:$A$239,0)) -> -1.9 | BI4: =IF(BG4="Home",Assumptions!$B$2,IF(BG4="Away",-Assumptions!$B$2,0)) -> -2.5 | BJ4: =NORMDIST($B4-BH4+BI4,0,Assumptions!$B$3,TRUE()) -> 0.94724947 | BP4: 12 | BQ4: =G4+L4+Q4+V4+AA4+AF4+AK4+AP4+AU4+AZ4+BE4+BJ4 -> 10.800983
